tree,first_word,first_onset,last_word,last_offset
当我还只有六岁的时候在一本描写原始森林的名叫真实的故事的书中看到了一幅精彩的插画,当,0.0,插画,7.47
画的是一条蟒蛇正在吞食一只大野兽,画,8.02,野兽,11.3
页头上就是那幅画的摹本,页头,12.11,摹本,14.07
这本书中写道这些蟒蛇把它们的猎获物不加咀嚼地囫囵吞下尔后就不能再动弹了,这,14.98,了,22.09
它们就在长长的六个月的睡眠中消化这些食物,它们,22.83,食物,26.22
当时我对丛林中的奇遇想得很多,当时,27.27,多,30.03
于是我也用彩色铅笔画出了我的第一幅图画,于是,30.68,图画,34.13
我的第一号作品它是这样的,我,34.63,的,37.38
我把我的这幅杰作拿给大人看,我,38.73,看,40.74
我问他们我的画是不是叫他们害怕,我,41.41,害怕,44.0
他们回答我说害怕一顶帽子有什么可怕的,他们,44.89,的,49.6
我画的不是帽子是一条巨蟒在消化着一头大象,我,50.55,大象,54.39
既然大人们不能够理解于是我又把巨蟒肚子里的情况画了出来以便让大人们能够看懂,既然,55.23,懂,61.97
这些大人总是需要解释,这些,62.7,解释,64.53
我的第二号作品是这样的,我,65.66,的,67.56
大人们劝我把这些画着开着肚皮的或闭上肚皮的蟒蛇的图画放在一边还是把兴趣放在地理历史算术语法上,大人们,68.75,上,77.91
就这样在六岁的那年我就放弃了当画家这一美好的职业,就,78.76,职业,83.63
我的第一号第二号作品的不成功使我泄了气,我,84.36,气,87.82
这些大人们靠他们自己什么也弄不懂还得老是不断地给他们做解释,这些,88.64,解释,93.93
后来我只好选择了另外一个职业,后来,95.05,职业,97.63
我学会了开飞机,我,98.24,飞机,99.46
世界各地差不多都飞到过,世界,100.07,过,101.71
的确地理学帮了我很大的忙,的确,102.28,忙,104.78
我一眼就能分辨出中国和亚利桑那,我,105.35,亚利桑那,107.7
要是夜里迷失了航向这是很有用的,要是,108.41,的,110.7
这样在我的生活中我跟许多严肃的人有过很多的接触,这样,111.58,接触,115.83
我在大人们中间生活过很长时间,我,116.45,时间,118.51
我仔细地观察过他们但这并没有使我对他们的看法有多大的改变,我,119.25,改变,124.18
当我遇到一个头脑看来稍微清楚的大人时我就拿出一直保存着的我那第一号作品来测试测试他,当,124.92,他,132.24
我想知道他是否真的有理解能力可是得到的回答总是这是顶帽子,我,133.03,帽子,139.44
我就不和他谈巨蟒呀原始森林呀或者星星之类的事儿,我,140.38,事,144.33
我只得迁就他的水平和他们谈些桥牌呀高尔夫球呀政治呀领带呀这些,我,144.86,这些,150.76
于是大人们就十分高兴能认识我这样一个通情达理的人,于是,151.64,人,156.02
我就这样孤独地生活着,我,157.26,着,158.86
没有一个能真正谈得来的人,没有,159.59,人,161.18
一直到六年前在撒哈拉沙漠上发生了那次故障,一直,161.77,故障,165.43
我的发动机里有个东西损坏了,我,166.13,了,167.98
当时由于我既没有带机械师也没有带旅客我就试图独自完成这个困难的维修工作,当时,168.75,工作,175.31
这对我来说是个生与死的问题,这,176.16,问题,178.56
我随身带的水只够饮用一星期,我,179.25,星期,181.7
第一天晚上我就睡在这远离人间烟火的大沙漠上,第一,182.6,上,186.15
我比大海中伏在小木排上的遇难者还要孤独得多,我,186.83,多,190.54
而在第二天拂晓当一个奇怪的小声音叫醒我的时候你们可以想见我当时是多么吃惊,而,191.57,吃惊,198.41
这小小的声音说道请你给我画一只羊好吗,这,199.34,吗,203.43
啊,啊,204.3,啊,204.58
给我画一只羊,给,205.46,羊,206.44
我像是受到惊雷轰击一般一下子就站立起来,我,207.46,起来,210.66
我使劲地揉了揉眼睛仔细地看了看,我,211.5,看,213.88
我看见一个十分奇怪的小家伙严肃地朝我凝眸望着,我,214.44,着,218.33
这是后来我给他画出来的最好的一幅画像,这,219.26,画像,222.14
可是我的画当然要比他本人的模样逊色得多,可是,223.24,多,227.34
这不是我的过错,这,228.05,过错,229.17
六岁时大人们使我对我的画家生涯失去了勇气,六,230.47,勇气,234.35
除了画过开着肚皮和闭着肚皮的蟒蛇后来再没有学过画,除了,235.03,画,238.96
我惊奇地睁大着眼睛看着这突然出现的小家伙,我,239.57,小家伙,243.49
你们不要忘记我当时处在远离人烟千里之外的地方,你们,244.15,地方,248.43
而这个小家伙给我的印象是他既不像迷了路的样子也没有半点疲乏饥渴惧怕的神情,而,248.87,神情,256.59
他丝毫不像是一个迷失在旷无人烟的大沙漠中的孩子,他,257.35,孩子,261.36
当我在惊讶之中终于又能说出话来的时候对他说道唉你在这儿干什么,当,262.08,什么,268.91
可是他却不慌不忙地好像有一件重要的事一般对我重复地说道请给我画一只羊,可是,269.84,羊,277.5
当一种神秘的东西把你镇住的时候你是不敢不听从它的支配的,当,278.43,的,283.25
在这旷无人烟的沙漠上面临死亡的危险的情况下尽管这样的举动使我感到十分荒诞我还是掏出了一张纸和一支钢笔,在,284.03,钢笔,293.68
这时我却又记起我只学过地理历史算术和语法就有点不大高兴地对小家伙说我不会画画,这时,294.48,画画,303.94
他回答我说没有关系给我画一只羊吧,他,304.78,吧,308.46
因为我从来没有画过羊我就给他重画我所仅仅会画的两幅画中的那幅闭着肚皮的巨蟒,因为,309.23,巨蟒,316.19
不不,不,316.96,不,318.05
我听了他的话简直目瞪口呆,我,318.9,目瞪口呆,321.03
我不要蟒蛇,我,321.66,蟒蛇,322.71
它肚子里还有一头象,它,323.28,象,324.93
巨蟒这东西太危险,巨蟒,325.56,危险,326.95
大象又太占地方,大象,327.39,地方,328.81
我住的地方非常小,我,329.39,小,330.8
我需要一只羊,我,331.26,羊,332.19
给我画一只羊吧,给,332.81,吧,334.32
我就给他画了,我,335.47,了,336.38
他专心地看着随后又说我不要,他,337.09,不要,340.44
这只羊已经病得很重了,这,341.08,了,343.04
给我重新画一只,给,343.67,只,344.82
我又画了起来,我,345.76,起来,346.71
我的这位朋友天真可爱地笑了,我,347.31,了,349.54
你看你画的不是小羊他说,你,350.39,说,354.06
是头公羊还有犄角呢,是,354.83,呢,357.1
于是我又重新画了一张,于是,358.15,张,360.28
这幅画同前几幅一样又被拒绝了,这,361.15,了,363.71
这一只太老了,这,364.58,了,365.73
我想要一只能活得长的羊,我,366.26,羊,368.47
我不耐烦了,我,369.44,了,370.2
因为我急于要检修发动机于是就草草画了这张画并且匆匆地对他说道这是一只箱子,因为,370.71,箱子,378.68
你要的羊就在里面,你,379.23,里面,380.55
这时我十分惊奇地看到我的这位小评判员喜笑颜开,这时,381.59,喜笑颜开,385.75
他说这正是我想要的,他,386.53,的,389.07
你说这只羊需要很多草吗,你,389.69,吗,391.96
为什么,为什么,392.87,为什么,393.29
因为我住的地方一切都非常小,因为,394.13,小,396.39
地方小也够喂养它的我说,地方,397.14,说,400.07
我给你画的是一只很小的小羊,我,400.62,羊,402.94
他把脑袋靠近这张画,他,403.84,画,405.29
并不像你说的那么小,并,406.22,小,407.7
瞧它睡着了,瞧,408.35,了,409.87
就这样我认识了小王子,就,410.4,小王子,413.42
我费了好长时间才弄清楚他是从哪里来的,我,414.63,的,417.72
小王子向我提出了很多问题,小王子,418.51,问题,420.61
可是对我提出的问题他好像压根儿没有听见似的,可是,421.12,似的,424.44
他无意中吐露的一些话逐渐使我搞清了他的来历,他,425.3,来历,428.47
例如当他第一次瞅见我的飞机时我就不画出我的飞机了因为这种图画对我来说太复杂他问我道这是个啥玩意儿,例如,429.12,玩意,439.14
这不是玩意儿,这,440.07,玩意,440.94
它能飞,它,441.38,飞,441.89
这是飞机,这,442.5,飞机,443.14
是我的飞机,是,443.43,飞机,444.32
我当时很骄傲地告诉他我能飞,我,445.08,飞,447.08
于是他惊奇地说道怎么你是从天上掉下来的,于是,447.87,的,451.93
是的我谦逊地答道,是,452.67,答道,454.61
啊这真滑稽,啊,455.1,滑稽,456.75
此时小王子发出一阵清脆的笑声,此时,457.71,笑声,460.23
这使我很不高兴,这,460.9,高兴,462.01
我要求别人严肃地对待我的不幸,我,462.64,不幸,464.58
然后他又说道那么你也是从天上来的了,然后,465.29,了,469.1
你是哪个星球上的,你,469.66,的,471.23
即刻对于他是从哪里来的这个秘密我隐约发现到了一点线索,即刻,472.27,线索,477.02
于是我就突然问道你是从另一个星球上来的吗,于是,477.68,吗,481.95
可是他不回答我的问题,可是,482.91,问题,484.27
他一面看着我的飞机一面微微地点点头接着说道可不是吗,他,484.7,吗,489.84
乘坐这玩意儿你不可能是从很远的地方来的,乘坐,490.39,的,493.63
说到这里他就长时间地陷入沉思之中,说,494.55,之中,497.43
然后从口袋里掏出了我画的小羊看着他的宝贝入了神,然后,498.08,神,502.08
你们可以想见这种关于别的星球的若明若暗的话语使我心里多么好奇,你们,502.63,好奇,507.48
因此我竭力地想知道其中更多的奥秘,因此,508.01,奥秘,510.86
你是从哪里来的我的小家伙,你,511.48,小家伙,513.5
你的家在什么地方,你,514.11,地方,515.21
你要把你的小羊带到哪里去,你,515.75,去,517.43
他沉思了一会儿然后回答我说好在有你给我的那只箱子夜晚可以给小羊当房子用,他,518.35,用,525.25
那当然如果你听话的话我再给你画一根绳子,那,526.15,绳子,529.81
白天可以拴住它,白天,530.19,它,531.16
我的建议看来有点儿使小王子反感,我,532.23,反感,534.61
拴住它,拴,535.37,它,536.01
多么奇怪的主意,多么,536.55,主意,537.52
如果你不拴住它它就到处跑,如果,538.79,跑,540.92
那么它会跑丢的,那么,541.32,的,542.27
我的这位朋友又笑出了声你想要它跑到哪里去呀,我,543.2,呀,547.55
不管什么地方它一直往前跑,不管,548.51,跑,550.64
这时小王子郑重其事地说这没有什么关系,这时,551.44,关系,555.58
我那里很小很小,我,556.11,小,557.74
接着他略带伤感地又补充了一句一直朝前走也不会走出多远,接着,558.7,远,564.95
我还了解到另一件重要的事儿就是他老家所在的那个星球比一座房子大不了多少,我,0.04,多少,6.22
这倒并没有使我感到太奇怪,这,7.07,奇怪,8.82
我知道除地球木星火星金星这几个有名称的大行星以外还有成百个别的星球,我,9.5,星球,16.15
它们有的小得很就是用望远镜也很难看见,它们,16.71,看见,20.39
当一个天文学者发现了其中一个星星他就给它编上一个号码例如把它称作325小行星,当,21.5,行星,28.83
我有重要的根据认为小王子所来自的那个星球是小行星B612,我,29.54,612,34.96
这颗小行星仅仅被用望远镜看见过一次,这,35.65,次,38.85
在1909年被一个土耳其天文学家,在,39.62,天文学家,42.34
当时他曾经在一次国际天文学家代表大会上对他的发现做了重要的论证,当时,42.95,论证,49.41
但由于他所穿衣服的缘故那时没有人相信他,但,50.07,他,53.93
那些大人们就是这样,那些,54.6,这样,56.39
幸好土耳其的一个独裁者为了小行星B612的声誉迫使他的人民都要穿欧式服装否则就处以死刑,幸好,57.05,死刑,67.13
1920年这位天文学家穿了一身儿非常漂亮的服装重新做了一次论证,1920,68.11,论证,73.53
这一次所有的人都同意他的看法,这,74.25,看法,76.61
我给你们讲关于小行星B612的这些细节并且告诉你们它的编号这是由于这些大人的缘故,我,77.43,缘故,85.16
当你对大人们讲起你的一个新朋友时他们从来不向你提出实质性的问题,当,85.99,问题,90.83
他们从来不讲他说话声音如何啊他喜爱什么样的游戏啊他是否收集蝴蝶标本呀,他们,91.27,呀,98.28
他们却问你他多大年纪呀弟兄几个呀体重多少呀他父亲挣多少钱呀,他们,99.08,呀,105.8
他们以为这样才算了解朋友,他们,106.87,朋友,109.18
如果你对大人们说我看到一栋用玫瑰色的砖盖成的漂亮的房子,如果,110.0,房子,114.95
它的窗户上有天竺葵屋顶上还有鸽子,它,115.59,鸽子,118.91
他们怎么也想象不出这种房子有多么好,他们,119.64,好,122.18
必须对他们说我看见了一栋价值十万法郎的房子,必须,122.97,房子,126.59
那么他们就惊叫道多么漂亮的房子啊,那么,127.03,啊,130.04
要是你对他们说小王子存在的证据就是他非常漂亮,要是,130.96,漂亮,135.4
他笑着想要一只羊,他,135.99,羊,137.69
他想要一只小羊,他,138.32,羊,139.5
这就证明他的存在,这,140.01,存在,141.15
但是告诉他们有什么好处呢,但是,142.1,呢,144.16
他们一定会耸耸肩膀把你当作孩子看待,他们,144.73,看待,147.61
但是如果你对他们说小王子来自的星球就是小行星B612,但是,148.49,612,154.11
那么他们就十分信服,那么,154.68,信服,156.07
他们就不会提出一大堆问题来和你纠缠,他们,156.64,纠缠,159.16
他们就是这样的,他们,159.95,的,160.95
小孩子们对大人们应该宽厚些,小,161.44,些,163.91
不要埋怨他们,不,164.38,他们,165.32
当然对我们懂得生活的人来说我们才不在乎那些编号呢,当然,166.42,呢,171.31
我真愿意像讲神话那样来开始这个故事,我,171.82,故事,174.93
我真想这样说从前呀有一个小王子他住在一个和他身体差不多大的星球上,我,175.64,上,183.07
他希望有一个朋友,他,183.7,朋友,185.08
对懂得生活的人来说这样说就显得真实,对,186.22,真实,189.57
我可不喜欢人们轻率地读我的书,我,190.97,书,193.08
我在讲述这些往事时心情是很难过的,我,193.89,的,196.62
我的朋友带着他的小羊已经离去六年了,我,197.43,了,200.45
我之所以在这里尽力地把他描写出来就是为了不要忘记他,我,201.42,他,206.26
忘记一个朋友这太叫人悲伤了,忘记,207.29,了,210.28
并不是所有的人都有过一个朋友,并,211.3,朋友,213.68
再说我也可能变成那些大人那样只对数字感兴趣,再,214.66,兴趣,219.62
也正是为了这个缘故我买了一盒颜料和一些铅笔,也,221.11,铅笔,224.55
像我这样年纪的人而且除了六岁时画过闭着肚皮的和开着肚皮的巨蟒外别的什么也没有尝试过现在重新再来画画真费劲啊,像,225.17,啊,236.54
当然我一定要把这些画尽量地画得逼真,当然,237.66,逼真,241.07
但我自己也没有把握,但,241.88,把握,243.58
一张画得还可以另一张就不像了,一,244.43,了,247.62
还有身材大小我画得有点儿不准确,还有,248.23,准确,250.87
在这个地方小王子画得太大了些另一个地方又画得太小了些,在,251.79,些,257.51
对他衣服的颜色我也拿不准,对,258.31,准,260.5
于是我就摸索着这么试试那么改改画个大概齐,于是,261.58,齐,266.19
我很可能在某些重要的细节上画错了,我,267.08,了,269.86
这就得请大家原谅我了,这,270.63,了,272.54
因为我的这个朋友从来也不加说明解释,因为,273.54,解释,276.56
他认为我同他一样,他,277.27,一样,278.5
可是很遗憾我却不能透过盒子看见小羊,可是,279.62,羊,283.38
我大概有点儿和大人们差不多,我,284.23,差不多,286.16
我一定是变老了,我,287.0,了,289.05
每天我都了解到一些关于小王子的星球他的出走和旅行等事情,每天,291.03,事情,295.8
这些都是偶然从各种反应中慢慢得到的,这些,296.56,的,299.55
就这样第三天我就了解到关于猴面包树的悲剧,就,300.4,悲剧,305.48
这一次又是因为羊的事情,这,306.43,事情,308.51
突然小王子好像是非常担心地问我道羊吃小灌木这是真的吗,突然,309.15,吗,315.5
是的是真的,是,316.4,的,318.01
啊我真高兴,啊,318.77,高兴,321.17
我不明白羊吃小灌木这件事儿为什么如此重要,我,321.83,重要,325.65
可小王子又说道因此它们也吃猴面包树啰,可,326.42,啰,331.37
我对小王子说猴面包树可不是小灌木而是像教堂那么大的大树,我,332.63,大树,338.32
即便是带回一群大象也啃不了一棵猴面包树,即便,338.92,猴面包树,342.44
一群大象这种想法使小王子发笑,一,343.52,发笑,346.12
那可得把这些大象一只叠一只地磊起来,那,346.94,起来,350.11
他很有见识地说猴面包树在长大之前开始也是小小的,他,350.7,的,356.07
那是不错我说,那,356.95,说,358.61
可是为什么你想叫你的羊去吃小猴面包树呢,可是,359.3,呢,362.47
他回答我道唉这还用说,他,363.22,说,366.4
似乎这是不言而喻的,似乎,366.95,的,368.94
可是我自己要费很大的心劲儿才能弄懂这个问题,可是,370.01,问题,373.42
原来在小王子的星球上就像其他所有星球上一样有好草和坏草因此也就有益草的草籽和毒草的草籽,原来,374.08,草种,384.31
可是草籽是看不见的,可是,384.95,的,386.72
它们沉睡在泥土里直到其中的一粒忽然想要苏醒过来,它们,387.43,过来,391.63
于是它就伸展开身子开始腼腆地朝着太阳长出一棵秀丽可爱的小嫩苗,于是,392.37,苗,398.1
如果是小萝卜或是玫瑰的嫩苗就让它去自由地生长,如果,398.89,生长,403.22
如果是一棵坏苗一旦被辨认出来就应该马上把它拔掉,如果,403.77,拔掉,408.19
因为在小王子的星球上有些非常可怕的种子,因为,409.21,种子,412.45
这就是猴面包树的种子,这,413.13,种子,415.06
在那里的泥土里这种种子多得成灾,在,415.74,成灾,418.75
而一棵猴面包树苗假如你拔得太迟就再也无法把它清除掉,而,419.24,掉,424.21
它就会盘踞整个星球,它,424.95,星球,426.5
它的树根能把星球钻透,它,427.05,透,428.88
如果星球很小而猴面包树很多它就把整个星球搞得支离破碎,如果,429.53,支离破碎,434.62
这是个纪律问题小王子后来向我解释道,这,435.72,道,440.07
当你早上梳洗完毕以后必须仔细地给星球梳洗,当,440.93,梳洗,444.75
必须规定自己按时去拔掉猴面包树苗,必须,445.23,苗,448.22
这种树苗小的时候与玫瑰苗差不多,这,448.89,差不多,451.61
一旦可以把它们区别开的时候就要把它拔掉,一旦,452.19,拔掉,455.36
这是一件非常乏味的工作但很容易小王子说,这,456.13,说,461.03
有一天他劝我用心地画一幅漂亮的图画好叫我家乡的孩子们对这件事有一个深刻的印象,有,461.78,印象,468.99
他还对我说如果将来有一天他们出外旅行这对他们是很有用的,他,469.83,的,476.1
有时候人们把自己的工作推到以后去做并没有什么妨害但要遇到拔猴面包树苗这种事那就非造成大灾难不可,有时候,476.8,不可,487.21
我遇到过一个星球上面住着一个懒家伙,我,487.95,家伙,491.06
他放过了三棵小树苗,他,491.58,树苗,493.05
于是根据小王子的说明我把这个星球画了下来,于是,494.26,下来,498.34
我从来不大愿意以道学家的口吻来说话,我,499.23,说话,501.97
可是猴面包树的危险大家都不大了解,可是,502.68,了解,505.41
对迷失在小行星上的人来说危险性非常之大,对,505.95,大,509.32
因此这一回我贸然打破了我的这种不喜欢教训人的惯例,因此,510.03,惯例,514.23
孩子们我说要当心那些猴面包树呀,孩子们,515.27,呀,519.15
为了叫我的朋友们警惕这种危险他们同我一样长期以来和这种危险接触却没有意识到它的危险性我花了很大的功夫画了这幅画,为了,520.16,画,531.39
我提出的这个教训意义是很重大的,我,531.93,的,534.59
花点儿功夫是很值得的,花,535.24,的,536.99
你们也许要问为什么这本书中别的画都没有这副画那么壮观呢,你们,537.86,呢,542.64
回答很简单我也试了,回答,543.32,了,545.67
别的画我也曾经试图画得好些却没成功,别的,546.32,成功,550.04
而当我画猴面包树时有一种急切的心情在激励着我,而,550.58,我,554.77
啊小王子就这样我逐渐懂得了你那忧郁的生活,啊,556.72,生活,561.96
过去相当长的时间里你唯一的乐趣就是观赏那夕阳西下的温柔晚景,过去,562.82,晚景,568.24
这个新的细节是我在第四天早晨知道的,这个,569.11,的,572.39
你当时对我说道我喜欢看日落,你,573.27,日落,576.0
我们去看一回日落吧,我们,576.78,吧,578.62
可是得等着我说,可是,579.66,说,582.47
等什么,等,583.45,什么,583.97
等太阳落山,等,584.96,落山,585.79
我们必须等到那个时候,我们,586.33,时候,587.77
开始你显得很惊奇的样子,开始,588.71,样子,590.9
随后你笑自己的糊涂,随后,591.49,糊涂,593.0
你对我说我总以为是在我的家乡呢,你,593.71,呢,597.47
确实大家都知道在美国是正午时分在法国正夕阳西下,确实,598.64,夕阳,604.61
只要在一分钟内赶到法国就可看到日落,只要,605.27,日落,608.03
可惜法国是那么的遥远,可惜,608.81,遥远,610.98
而在你那样的小行星上你只要把你的椅子挪动几步就行了,而,611.97,了,616.11
这样你便可随时看到你想看的夕阳余晖,这样,616.67,余晖,620.23
一天我看见过四十三次日落你对我说,一,621.35,说,625.92
过一会儿你又说你知道当人们感到非常苦闷时总是喜欢日落的,过,626.66,的,633.55
你怎么会这么苦闷我问,你,634.8,问,637.11
一天四十三次,一,637.81,次,639.51
但是小王子没有回答,但是,640.58,回答,642.66
第五天还是羊的事儿把小王子的生活秘密向我揭开了,第五,0.0,了,5.02
好像默默地思索了很长时间以后得出了什么结果一样他突然没头没脑地问我羊要是吃小灌木它也要吃花啰,好像,5.65,啰,15.18
羊它碰到什么吃什么我回答,羊,16.23,回答,19.21
连有刺儿的花也吃吗,连,20.11,吗,21.27
有刺的也吃,有,21.97,吃,22.84
那么刺有什么用呢,那么,23.48,呢,25.26
我不知道该怎么回答,我,26.33,回答,27.87
那会儿我正忙着要从发动机上卸下一颗拧得太紧的螺丝,那会,28.53,螺丝,32.37
我发现机器故障似乎很严重,我,33.1,严重,34.84
饮水也快完了,饮水,35.34,了,36.27
担心可能发生最坏的情况心里很着急,担心,37.01,着急,39.52
那么刺有什么用呢,那么,40.31,呢,41.75
小王子一旦提出了问题从来不会放过,小王子,42.72,放过,45.15
这个该死的螺丝使我很恼火,这个,45.62,恼火,47.5
我于是就随便回答了他一句刺么什么用都没有,我,47.85,没有,51.91
这纯粹是花的恶劣表现,这,52.32,表现,53.72
噢,噢,54.6,噢,54.85
可是他沉默了一会儿之后怀着不满的心情冲我说我不信,可是,56.0,信,60.32
花是弱小的,花,60.95,的,61.75
它们是淳朴的,它们,62.14,的,62.99
它们总是设法保护自己,它们,63.5,自己,64.99
以为有了刺就可以显出自己的厉害,以为,65.47,厉害,68.15
我默不作声,我,69.26,不说话,69.98
我当时想的如果这个螺丝再和我作对我就一锤子敲掉它,我,70.52,它,74.37
小王子又来打搅我的思绪了,小王子,75.01,了,76.98
你却认为花,你,77.3,花,78.3
算了吧我喊道,算了,78.55,道,80.22
算了吧算了吧,算了,80.85,吧,82.31
我什么也不认为,我,83.02,认为,83.85
我是随便回答你的,我,84.29,的,85.2
我可有正经事要做,我,85.56,做,86.58
他惊讶地看着我,他,87.32,我,88.29
正经事,正经,89.13,事,89.91
他瞅着我手拿锤子手指沾满了油污伏在一个在他看来丑不可言的机件上,他,90.72,上,96.22
你说话就和那些大人一样,你,96.98,一样,99.51
这话使我有点儿难堪,这,100.58,难堪,102.41
可是他又尖刻无情地说道你什么都分不清,可是,103.2,清,106.23
你把什么都混在一起,你,106.67,一起,107.83
他着实非常恼火,他,108.87,恼火,109.96
摇动着脑袋,摇动,110.33,脑袋,111.08
金黄色的头发随风颤动着,金黄色,111.49,着,113.37
我到过一个星球上面住着一个红脸先生,我,114.39,先生,117.27
他从来没闻过一朵花,他,117.74,花,119.11
他从来没有看过一颗星星,他,119.53,星星,121.42
他什么人也没有喜欢过,他,122.02,过,123.43
除了算账以外他什么也没有做过,除了,123.9,过,126.27
他整天同你一样老是说我有正经事我是个严肃的人,他,126.89,人,131.47
这使他傲气十足,这,132.67,十足,133.84
他简直不像是个人,他,134.21,人,135.31
他是个蘑菇,他,135.64,蘑菇,136.35
是个什么,是,137.11,什么,137.59
是个蘑菇,是,138.23,蘑菇,139.07
小王子当时气得脸色发白,小王子,140.13,白,142.43
几百万年以来花儿都在制造着刺,几百万,143.68,刺,146.43
几百万年以来羊仍然在吃花,几百万,146.8,花,149.26
要搞清楚为什么花儿费那么大劲儿给自己制造没有什么用的刺这难道不是正经事儿,要,149.74,事,155.22
难道羊和花之间的战争不重要,难道,155.87,重要,157.78
这难道不比那个大胖子红脸先生的账目更重要,这,158.49,重要,161.62
如果我认识一朵人世间唯一的花,如果,162.47,花,164.47
只有我的星球上有它别的地方都不存在,只有,164.99,存在,167.6
而一只小羊糊里糊涂就这样把它一下子毁掉了,而,168.14,了,171.23
这难道不重要,这,171.66,重要,172.46
他的脸气得发红然后又接着说道如果有人爱上了在这亿万颗星星中独一无二的一株花当他看着这些星星的时候这就足以使他感到幸福,他,173.95,幸福,186.27
他可以自言自语地说我的那朵花就在其中的一颗星星上,他,186.82,上,191.27
但是如果羊吃掉了这朵花对他来说好像所有的星星一下子全都熄灭了一样,但是,192.18,一样,197.81
这难道也不重要吗,这,198.48,吗,200.03
他无法再说下去了,他,201.42,了,202.63
突然泣不成声,突然,203.46,泣不成声,204.57
夜幕已经降临,夜幕,205.84,降临,206.74
我放下手中的工具,我,207.36,工具,208.39
我把锤子螺钉饥渴死亡全都抛在脑后,我,208.95,后,213.52
在一颗星球上在一颗行星上在我的行星上在地球上有一个小王子需要安慰,在,214.4,安慰,221.35
我把他抱在怀里摇着他对他说你爱的那朵花没有危险,我,222.25,危险,227.28
我给你的小羊画一个罩子,我,227.92,罩子,229.65
我给你的花画一副盔甲,我,230.28,盔甲,232.04
我,我,232.87,我,233.43
我也不太知道该说些什么,我,234.46,什么,235.83
我觉得自己太笨拙,我,236.46,笨拙,237.57
我不知道怎样才能达到他的境界,我,238.09,境界,240.3
怎样才能再进入他的境界,怎样,240.94,境界,242.46
唉泪水的世界是多么神秘啊,唉,243.55,啊,246.91
很快我就进一步了解了这朵花儿,很,247.9,花,250.17
在小王子的星球上过去一直都生长着一些只有一层花瓣的很简单的花,在,250.89,花,256.07
这些花非常小一点儿也不占地方,这些,256.83,地方,259.09
从来也不会去打搅任何人,从来,259.56,人,261.1
它们早晨在草丛中开放晚上就凋谢了,它们,261.82,了,265.27
不知从哪里来了一颗种子,不,266.23,种子,267.88
忽然一天这种子发了芽,忽然,268.42,芽,269.84
小王子特别仔细地监视着这颗与众不同的小苗,小王子,270.46,小苗,273.6
这玩意儿说不定是一种新的猴面包树,这,274.11,猴面包树,276.63
但是这小苗不久就不再长了而且开始孕育着一个花朵,但是,277.37,花朵,282.03
看到在这棵苗上长出了一个很大很大的花蕾小王子感觉到从这个花苞中一定会出现一个奇迹,看到,282.86,奇迹,289.77
然而这朵花儿藏在她那绿茵茵的房间中用了很长的时间来打扮自己,然而,290.69,自己,295.28
她精心选择着她将来的颜色慢慢腾腾地装饰着一片片地搭配着她的花瓣,她,296.07,花瓣,302.17
她不愿像虞美人那样一出世就满脸皱纹,她,302.95,皱纹,305.43
她要让自己带着光艳夺目的丽姿来到世间,她,306.13,世间,309.23
是的她是非常爱俏的,是,309.98,的,311.95
她用好些好些日子天仙般地梳妆打扮然后在一天的早晨恰好在太阳升起的时候她开放了,她,312.52,了,320.68
她已经精细地做了那么长的准备工作却打着哈欠说道我刚刚睡醒,她,321.29,睡醒,327.13
真对不起,真,327.44,对不起,328.13
瞧我的头发还是乱蓬蓬的,瞧,328.61,的,330.65
小王子这时再也控制不住自己的爱慕心情,小王子,331.19,心情,334.41
你是多么美丽呀,你,335.27,呀,336.87
花儿悠然自得地说是吧我是与太阳同时出生的,花,337.61,的,342.52
小王子看出了这花儿不太谦虚可是她确实丽姿动人,小王子,343.49,动人,347.73
她随后又说道现在该是吃早点的时候了吧,她,348.36,吧,352.44
请你也想着给我准备一点,请,353.03,一点,355.14
小王子很有些不好意思于是就拿着喷壶打来了一壶清清的凉水,小王子,355.97,凉水,361.53
他浇灌着花儿,他,362.02,花,362.95
于是就这样这朵花儿就以她那有点敏感多疑的虚荣心折磨着小王子,于是,363.74,小王子,368.99
例如有一天她向小王子讲起她身上长的四根刺,例如,369.66,刺,373.64
老虎让它张着爪子来吧,老虎,374.46,吧,376.72
小王子顶了她一句在我这个星球上没有老虎,小王子,377.48,老虎,381.75
而且老虎是不会吃草的,而且,382.18,的,384.31
花儿轻声说道我并不是草,花,384.84,草,387.57
真对不起,真,388.27,对不起,389.05
我并不怕什么老虎,我,389.84,老虎,391.21
可我讨厌穿堂风,可,391.69,穿堂风,392.75
我猜你没有为我准备个屏风,我,393.31,屏风,395.54
小王子思忖着讨厌穿堂风这对一株植物来说真不走运,小王子,396.05,走运,402.47
这朵花真不大好伺候,这,403.2,伺候,405.19
晚上你得把我放到一个玻璃罩子中,晚上,406.14,中,408.78
你这地方太冷,你,409.27,冷,410.25
我原来住的那个地方,我,410.75,地方,412.2
但她没有说下去,但,413.27,下去,414.43
她来的时候是粒种子,她,415.05,种子,416.44
她哪里见过什么别的世界,她,416.98,世界,418.42
她叫人发现她是在凑一个如此不太高明的谎话,她,418.9,谎话,422.26
她有点儿羞怒,她,422.64,恼怒,423.5
咳嗽了两三声,咳嗽,423.81,声,424.79
她的这一招是要小王子处于有过失的地位,她,425.42,地位,428.29
她说道屏风呢,她,428.87,呢,430.58
我正准备去拿可你刚才说的是,我,431.27,是,434.13
于是花儿放开嗓门儿咳嗽了几声依然要使小王子后悔自己的过失,于是,434.84,过失,440.09
尽管小王子本来诚心诚意地喜欢这朵花可是这一来却使他马上对她产生了怀疑,尽管,440.69,怀疑,447.18
小王子对一些无关紧要的话看得太认真结果使自己很苦恼,小王子,447.97,苦恼,452.35
有一天他告诉我说我不该听信她的话,有,453.15,话,456.75
绝不该听信那些花儿的话,绝,457.36,话,458.89
看看花闻闻她就得了,看看,459.6,了,461.32
我的那朵花儿使我的星球芳香四溢可我不会享受她,我,461.96,她,466.32
关于老虎爪子的事儿本应该使我产生同情却反而使我恼火,关于,467.04,恼火,472.15
他还告诉我说我那时什么也不懂,他,472.89,懂,475.56
我应该根据她的行为而不是根据她的话来判断她,我,476.07,她,479.22
她使我的生活芬芳多彩,她,479.91,多彩,481.82
我真不该离开她跑出来,我,482.3,出来,483.75
我本应该猜出在她那令人爱怜的花招后面所隐藏的温情,我,484.2,温情,488.55
花是多么自相矛盾,花,489.35,自相矛盾,490.9
我当时太年轻还不懂得爱她,我,491.51,她,494.26
我想小王子大概是利用一群候鸟迁徙的机会跑出来的,我,495.19,的,498.91
在他出发的那天早上他把他的星球收拾得整整齐齐,在,499.59,整齐,503.54
把它上头的活火山打扫得干干净净,把,504.06,干净,506.56
他有两个活火山,他,507.32,火山,508.3
早上热早点很方便,早上,508.91,方便,510.4
他还有一座死火山,他,511.14,火山,512.38
他也把它打扫干净,他,512.79,干净,514.03
他想说不定它还会活动呢,他,514.6,呢,517.05
打扫干净了它们就可以慢慢地有规律地燃烧而不会突然爆发,打扫,517.88,爆发,522.94
火山爆发就像烟囱里的火焰一样,火山,523.63,一样,525.79
当然在我们地球上我们人太小不能打扫火山所以火山给我们带来很多很多麻烦,当然,526.58,麻烦,533.48
小王子还把剩下的最后几棵猴面包树苗全拔了,小王子,534.51,了,537.85
他有点儿忧伤,他,538.55,忧伤,539.37
他以为他再也不会回来了,他,540.05,了,542.0
这天这些家常活使他感到特别亲切,这,542.61,亲切,546.05
当他最后一次浇花时准备把她放在玻璃罩子下面他发觉自己要哭出来,当,546.67,出来,552.28
再见了他对花儿说道,再见,553.13,说道,555.28
可是花儿没有回答他,可是,555.85,他,557.34
再见了他又说了一遍,再见,558.23,遍,560.55
花儿咳嗽了一阵但并不是由于感冒,花,561.27,感冒,563.91
她终于对他说道我方才真蠢,她,564.69,蠢,567.49
请你原谅我,请,567.96,我,568.91
希望你能幸福,希望,569.39,幸福,571.02
花儿对他毫不抱怨,花,571.6,抱怨,572.96
他感到很惊讶,他,573.48,惊讶,574.35
他举着罩子不知所措地伫立在那里,他,575.0,那里,577.51
他不明白她为什么会这样温柔恬静,他,578.39,恬静,580.92
的确我爱你花儿对他说道,的确,582.04,说道,585.71
但由于我的过错你一点儿也没有理会,但,586.59,理会,589.45
这丝毫不重要,这,590.17,重要,591.16
不过你也和我一样的蠢,不过,591.92,蠢,594.09
希望你今后能幸福,希望,594.7,幸福,596.06
把罩子放在一边吧,把,596.86,吧,598.02
我用不着它了,我,598.63,了,599.56
要是风来了怎么办,要是,600.57,办,602.25
我的感冒并不那么重,我,603.11,重,604.69
夜晚的凉风对我倒有好处,夜晚,605.31,好处,607.29
我是一朵花,我,607.96,花,608.72
要是有虫子野兽呢,要是,609.61,呢,611.63
我要是想认识蝴蝶经不起两三只毛虫是不行的,我,612.43,的,616.23
据说这是很美的,据说,616.89,的,618.27
不然还有谁来看我呢,不然,618.87,呢,620.21
你就要到远处去了,你,621.02,了,622.31
至于说大动物我并不怕,至于,622.99,怕,624.97
我有爪子,我,625.51,爪子,626.27
于是她天真地显露出她那四根刺,于是,627.35,刺,630.06
随后又说道别这么磨蹭了,随后,630.63,了,632.81
真烦人,真,633.13,烦人,633.79
你既然决定离开这儿那么快走吧,你,634.35,吧,637.7
她是怕小王子看见她在哭,她,638.86,哭,641.03
她是朵非常骄傲的花,她,641.82,花,643.69
在附近的宇宙中还有325326327328329330等几颗小行星,在,0.07,行星,7.4
他就开始访问这几颗星球,他,8.13,星球,9.63
想在那里找点儿事儿干并且学习学习,想,10.12,学习,12.69
第一颗星球上住着一个国王,第一,13.55,国王,15.55
国王穿着用紫红色和白底儿黑花的毛皮做成的大礼服,国王,16.24,礼服,20.09
坐在一个很简单却又十分威严的宝座上,坐,20.67,上,23.24
啊来了一个臣民当他看见小王子时喊了起来,啊,23.96,起来,28.39
小王子思量着他从来也没有见过我怎么会认识我呢,小王子,29.24,呢,33.69
他哪里知道在那些国王的眼里世界是非常简单的,他,34.54,的,38.47
所有的人都是臣民,所有,38.98,臣民,40.32
国王十分骄傲因为他终于成了某个人的国王,国王,40.95,国王,44.21
他对小王子说道靠近些好让我好好看看你,他,44.79,你,48.91
小王子看看四周想找个地方坐下来可是整个星球被国王华丽的白底儿黑花皮袍占满了他只好站在那里,小王子,49.89,那里,58.04
但是因为疲倦了他打起哈欠来,但是,58.55,来,60.79
君王对他说在一个国王面前打哈欠是违反礼节的,君王,61.37,的,65.76
我禁止你打哈欠,我,66.25,打哈欠,67.23
小王子羞愧地说道我实在忍不住,小王子,68.19,住,71.04
我长途跋涉来到这里还没有睡觉呢,我,71.46,呢,74.03
国王说那好吧我命令你打哈欠,国王,75.06,打哈欠,78.19
好些年来我没有看见过任何人打哈欠,好些,78.71,打哈欠,81.25
对我来说打哈欠倒是新奇的事,对,81.78,事,84.82
来吧再打个哈欠,来,85.46,哈欠,86.91
这是命令,这,87.32,命令,88.08
这倒叫我有点儿紧张,这,89.31,紧张,91.21
我打不出哈欠来了,我,91.69,了,92.91
小王子红着脸说,小王子,93.72,说,95.12
嗯嗯国王回答道,嗯,95.8,道,98.55
那么我命令你忽而打哈欠忽而,那么,99.23,忽而,103.06
他嘟嘟囔囔显出有点儿恼怒,他,103.82,恼怒,106.08
因为国王所要求的主要是保持他的威严受到尊敬,因为,106.74,尊敬,110.1
他不能容忍不听他的命令,他,111.0,命令,112.75
他是一位绝对的君主,他,113.3,君主,114.63
可是他却很善良,可是,115.27,善良,116.97
他下的命令都是有理智的,他,117.5,的,119.29
他常常说如果我叫一位将军变成一只海鸟而这位将军不服从我的命令那么这就不是将军的过错而是我的过错,他,119.93,过错,130.52
小王子腼腆地试探道我可以坐下吗,小王子,131.41,吗,135.39
我命令你坐下国王一边回答一边庄重地把他那白底儿黑花皮袍大襟挪动了一下,我,136.11,一下,142.53
可是小王子感到很奇怪,可是,143.33,奇怪,144.88
这么小的行星国王他对什么进行统治呢,这么,145.61,呢,148.51
他对国王说陛下请原谅我想问您,他,149.35,您,153.75
国王急忙抢着说道我命令你问我,国王,154.28,我,156.7
陛下你统治什么呢,陛下,157.71,呢,159.93
国王非常简单明了地说我统治一切,国王,160.71,一切,163.84
一切国王轻轻地用手指着他的行星和其他的行星以及所有的星星,一切,164.69,星星,170.69
小王子说统治这一切,小王子,171.32,一切,174.0
统治这一切,统治,174.84,一切,176.16
原来他不仅是一个绝对的君主而且是整个宇宙的君主,原来,176.51,君主,180.61
那么星星都服从您吗,那么,181.5,吗,183.67
那当然国王对他说,那,184.18,说,186.41
它们立即就得服从,它们,186.98,服从,188.35
我是不允许无纪律的,我,188.71,的,190.09
这样的权力使小王子惊叹不已,这样,191.1,不已,193.56
如果掌握了这样的权力那么他一天就不只是看到四十三次日落而可以看到七十二次甚至一百次或是二百次日落也不必要去挪动椅子了,如果,194.1,了,205.91
由于他想起了他那被遗弃的小星球心里有点儿难过,由于,206.85,难过,210.73
他大胆地向国王提出了一个请求我想看日落,他,211.36,日落,215.55
请求您命令太阳落山吧,请求,216.27,吧,218.68
国王说道如果我命令一个将军像一只蝴蝶那样从这朵花飞到那朵花或者命令他写作一个悲剧剧本或者变一只海鸟而如果这位将军接到命令不执行的话那么我们中的谁是错误的呢,国王,219.62,呢,236.67
将军还是我自己,将军,237.28,自己,238.96
那当然是您的不对小王子肯定地回答,那,239.71,回答,243.6
一点也不错国王接着说,一点,244.11,说,246.31
向每个人提出的要求应该是他们所能做到的,向,246.9,的,250.12
权威首先应该建立在理性的基础上,权威,250.74,上,253.33
如果命令你的老百姓去投海他们非起来革命不可,如果,253.97,可,257.77
我的命令是合理的所以我有权要别人服从,我,258.48,服从,262.2
那么我提出的日落呢小王子一旦提出一个问题他是不会忘记这个问题的,那么,263.21,的,269.23
日落么你会看到的,日落,270.0,的,272.11
我一定要太阳落山,我,272.67,落山,273.99
不过按照我的统治科学我得等到条件成熟的时候,不过,274.45,时候,278.2
小王子问道这要等到什么时候呢,小王子,278.95,呢,282.29
嗯国王在回答之前首先翻阅了一本厚厚的日历,嗯,283.04,日历,287.61
嘴里慢慢说道嗯嗯日落大约大约在今晚七时四十分的时候,嘴里,288.06,时候,296.08
你将看到我的命令一定会被服从的,你,296.49,的,298.79
小王子又打起哈欠来了,小王子,299.74,了,301.87
他遗憾没有看到日落,他,302.26,日落,303.72
他有点儿厌烦了,他,304.11,了,304.98
他对国王说我没有必要再待在这儿了,他,305.53,了,308.59
我要走了,我,309.05,了,309.67
这位因为刚刚有了一个臣民而十分骄傲自得的国王说道嗯别走别走我任命你当大臣,这,310.7,大臣,317.36
什么大臣,什么,318.03,大臣,318.85
嗯司法大臣,嗯,319.3,大臣,320.91
可是这儿没有一个要审判的人,可是,321.55,人,324.04
很难说呀国王说道,很,324.87,说道,326.71
因为我还没有巡视过我的王国呢,因为,327.31,呢,329.86
我很老了,我,330.39,了,331.04
我这地方又小没有放銮驾的地方,我,331.42,地方,333.97
另外一走路我就累,另外,334.55,累,336.2
哦可是我已经看过了小王子说道并探身朝星球的那一侧看了看,哦,337.13,看,343.46
那边也没有一个人,那边,343.92,人,344.98
那么你就审判你自己呀国王回答他说,那么,345.76,说,349.58
这可是最难的了,这,350.1,了,351.2
审判自己比审判别人要难得多啊,审判,351.67,啊,354.06
你要是能审判好自己你就是一个真正有才智的人,你,354.67,人,358.49
我嘛随便在什么地方我都可以审度自己,我,359.34,自己,363.02
我没有必要留在这里,我,363.58,这里,365.24
嗯国王又说,嗯,365.83,说,367.71
嗯我想在我的星球上有一只老耗子,嗯,368.14,耗子,372.19
夜里我听见它的声音,夜里,372.73,声音,374.42
你可以审判它,你,374.73,它,375.47
不时地判处它死刑,不时,376.07,死刑,377.45
因此它的生命取决于你的判决,因此,377.88,判决,380.54
可是你要有节制地使用这只耗子,可是,381.04,耗子,383.49
每次判刑后都要赦免它,每次,383.92,它,385.75
因为只有这一只耗子,因为,386.27,耗子,388.18
可是我不愿判死刑小王子回答道,可是,388.92,道,392.68
我想我还是应该走,我,393.4,走,395.35
嗯不行国王说,嗯,395.68,说,397.4
但是小王子准备完毕之后不想使老君主难过说道如果国王陛下想要不折不扣地得到服从你可以给我下一个合理的命令,但是,397.95,命令,408.39
比如说你可以命令我一分钟之内必须离开,比如,409.01,离开,412.75
我认为这个条件是成熟的,我,413.34,的,415.16
国王什么也没有回答,国王,416.17,回答,417.39
起初小王子有些犹疑不决随后叹了口气就离开了,起初,417.93,了,422.75
我派你当我的大使国王匆忙地喊道,我,423.32,道,427.04
国王显出非常有权威的样子,国王,427.61,样子,429.62
小王子在旅途中自言自语地说这些大人真奇怪,小王子,430.1,奇怪,435.29
第二个行星上住着一个爱虚荣的人,第二,436.26,人,438.72
喔唷喔唷一个崇拜我的人来拜访了,哦哟,439.28,了,442.83
这个爱虚荣的人一见到小王子老远就叫喊起来,这个,443.75,起来,446.93
在那些爱虚荣的人眼里别人都成了他们的崇拜者,在,447.6,崇拜者,450.9
你好小王子说道,你,451.7,道,453.53
你的帽子很奇怪,你,454.16,奇怪,455.81
这是为了向人致意用的爱虚荣的人回答道,这,456.71,道,460.5
当人们向我欢呼的时候我就用帽子向他们致意,当,461.12,致意,464.58
可惜没有一个人经过这里,可惜,464.98,这里,467.04
小王子不解其意说道啊是吗,小王子,467.79,吗,471.86
爱虚荣的人向小王子建议道你用一只手去拍另一只手,爱,472.49,手,477.16
小王子就拍起巴掌来,小王子,478.04,来,479.6
这位爱虚荣者就谦逊地举起帽子向小王子致意,这,480.28,致意,483.83
小王子心想这比访问那位国王有趣,小王子,484.59,有趣,487.88
于是他又拍起巴掌来,于是,488.55,来,490.24
爱虚荣者又举起帽子来向他致意,爱,490.74,致意,493.33
小王子这样做了五分钟之后对这种单调的把戏有点儿厌倦了说道要想叫你的帽子掉下来该怎么做呢,小王子,494.08,呢,502.9
可这回爱虚荣者听不进他的话,可,503.44,话,505.68
因为凡是爱虚荣的人只听得进赞美的话,因为,506.3,话,509.02
他问小王子道你真的钦佩我吗,他,509.65,吗,512.47
钦佩是什么意思,钦佩,513.32,意思,514.94
钦佩嘛就是承认我是星球上最美的人服饰最好的人最富有的人最聪明的人,钦佩,515.77,人,522.93
可您是您的星球上唯一的人呀,可,523.49,呀,526.19
让我高兴吧,让,526.97,吧,527.89
请你还是来钦佩我吧,请,528.27,吧,530.25
小王子轻轻地耸了耸肩膀说道我钦佩你,小王子,531.08,你,535.28
可是这有什么能使你这样感兴趣的,可是,536.01,的,538.9
于是小王子就走开了,于是,539.76,了,541.03
小王子在路上自言自语地说了一句这些大人肯定是十分古怪的,小王子,541.69,的,547.48
小王子所访问的下一个星球上住着一个酒鬼,小王子,548.4,酒鬼,551.85
访问时间非常短可是他却使小王子非常忧伤,访问,552.6,忧伤,556.49
你在干什么小王子问酒鬼,你,557.35,酒鬼,560.14
这个酒鬼默默地坐在那里面前有一堆酒瓶子有的装着酒有的是空的,这个,560.71,的,566.77
我喝酒他阴沉忧郁地回答道,我,567.9,道,571.38
你为什么喝酒小王子问道,你,571.99,问道,574.86
为了忘却酒鬼回答,为了,575.61,回答,579.32
小王子已经有些可怜酒鬼,小王子,580.16,酒鬼,582.27
他问道忘却什么呢,他,582.72,呢,584.91
酒鬼垂下脑袋坦白道为了忘却我的羞愧,酒鬼,585.86,羞愧,591.13
你羞愧什么呢,你,592.15,呢,593.19
小王子很想救助他,小王子,593.91,他,595.8
我羞愧我喝酒,我,596.65,喝酒,600.45
酒鬼说完以后就再也不开口了,酒鬼,601.05,了,603.71
小王子迷惑不解地离开了,小王子,604.52,了,606.16
在旅途中他自言自语地说道这些大人确实真叫怪,在,606.78,怪,612.18
第四个行星是一个实业家的星球,第四,0.13,星球,2.84
这个人忙得不可开交,这,3.41,不可开交,4.93
小王子到来的时候他甚至连头都没有抬一下,小王子,5.48,下,8.6
小王子对他说您好您的烟卷灭了,小王子,9.2,了,13.34
三加二等于五,三,14.42,五,15.46
五加七等于十二,五,15.8,十二,16.85
十二加三等于十五,十二,17.29,十五,18.66
你好,你,19.15,好,19.5
十五加七二十二,十五,19.74,22,21.3
二十二加六二十八,22,21.82,28,23.33
没有时间再去点着它,没有,23.8,它,25.68
二十六加五三十一,26,26.25,31,27.93
哎哟一共是五亿一百六十二万二千七百三十一,哎哟,28.19,501622731,33.79
五亿什么呀,五亿,34.68,呀,35.91
嗯你还待在这儿呐,嗯,36.54,呐,38.62
五亿一百万,501000000,39.21,501000000,40.25
我也不知道是什么了,我,41.0,了,42.16
我的工作很多,我,42.56,多,43.34
我是很严肃的,我,43.63,的,44.51
我可是从来没有功夫去闲聊,我,45.01,闲聊,46.88
二加五得七,二,47.38,七,48.44
五亿一百万什么呀小王子重复问道,501000000,49.09,问道,52.39
一旦他提出了一个问题是从来也不会放弃的,一旦,53.0,的,56.33
这位实业家抬起头说我住在这个星球上五十四年以来只被打搅过三次,这,57.14,次,63.34
第一次是二十二年前不知从哪里跑来了一只金龟子来打搅我,第,63.99,我,68.47
它发出一种可怕的噪音使我在一笔账目中出了四个差错,它,69.25,差错,73.55
第二次在十一年前是风湿病发作因为我缺乏锻炼所致,第二,74.13,致,79.47
我没有功夫闲逛,我,79.98,闲逛,80.95
我可是个严肃的人,我,81.47,人,82.57
现在这是第三次,现在,83.33,次,85.19
我计算的结果是五亿一百万,我,85.7,501000000,88.5
几百万什么,几百万,89.17,什么,90.06
这位实业家知道要想安宁是无望的了就说道几百万个小东西,这,90.73,东西,96.58
这些小东西有时出现在天空中,这些,97.02,中,99.46
苍蝇吗,苍蝇,100.41,吗,101.0
不是是些闪闪发亮的小东西,不,101.57,东西,104.86
是蜜蜂吗,是,105.6,吗,106.44
不是是金黄色的小东西,不,107.13,东西,109.3
这些小东西叫那些懒汉们胡思乱想,这些,110.0,胡思乱想,112.8
我是个严肃的人,我,113.23,人,114.26
我没有时间胡思乱想,我,114.69,胡思乱想,116.13
啊是星星吗,啊,117.0,吗,119.05
对了就是星星,对,119.58,星星,120.89
你要拿这五亿星星做什么,你,121.84,什么,123.87
五亿一百六十二万七百三十一颗星星,501620731,124.65,星星,127.78
我是严肃的人,我,128.25,人,129.09
我是非常精确的,我,129.43,的,130.58
你拿这些星星做什么,你,131.49,什么,132.9
我要它做什么,我,133.47,什么,134.58
是呀,是,135.15,呀,135.62
什么也不做,什么,136.22,做,137.01
它们都是属于我的,它们,137.55,的,138.74
星星是属于你的,星星,139.55,的,141.61
是的,是,142.38,的,142.77
可是我已经见到过一个国王他,可是,143.57,他,146.4
国王并不占有他们只是进行统治,国王,146.82,统治,149.47
这不是一码事儿,这,149.93,事,150.65
你拥有这许多星星有什么用,你,151.25,用,153.52
它能让我变得富有,它,154.27,富有,155.87
富了有什么好处呢,富,156.61,呢,158.72
富了就可以去买别的星星如果有人发现了别的星星的话,富,159.44,话,164.56
小王子自言自语地说这个人想问题有点儿像那个酒鬼一样,小王子,165.39,一样,171.25
可是他又提了一些问题你怎么能占有星星呢,可是,171.7,呢,177.17
那么你说星星是谁的啊实业家不高兴地顶了小王子一句,那么,178.08,句,183.22
我不知道,我,184.02,知道,184.9
不属于任何人,不,185.5,人,186.44
那么它们就是我的因为是我第一个想到了这件事情的,那么,187.22,的,191.74
这就行了吗,这,192.56,吗,193.36
那当然,那,194.02,当然,194.6
如果你发现了一颗没有主人的钻石那么这颗钻石就是属于你的,如果,195.19,的,199.57
当你发现了一个岛是没有主的那么这个岛就是你的,当,200.23,的,204.26
当你首先想出了一个办法你就去领一个专利证这个办法就是属于你的,当,205.03,的,210.54
既然在我之前不曾有任何人想到要占有这些星星那我就占有这些星星,既然,210.98,星星,216.8
这倒也是小王子说,这,217.99,说,220.27
可是你用它们来干什么,可是,221.03,什么,223.24
我经营管理这些星星,我,224.17,星星,225.73
我一遍又一遍地计算它们的数目,我,226.23,数目,228.57
这是一件困难的事但我是一个严肃认真的人,这,229.11,人,232.72
小王子仍然还不满足,小王子,233.57,满足,235.5
他说对我来说如果我有一条围巾我可以用它来围着我的脖子并且能带走它,他,236.06,它,243.95
我有一朵花的话我就可以摘下我的花并且把它带走,我,244.64,带走,248.7
可你却不能摘下这些星星呀,可,249.43,呀,252.34
我不能摘但我可以把它们存在银行里,我,252.99,里,256.34
这是什么意思呢,这,257.32,呢,258.7
这就是说我把星星的数目写在一片小纸头上然后把这片纸头锁在一个抽屉里,这,259.58,里,265.72
这就算完事儿了吗,这,266.77,吗,267.76
这样就行了,这样,268.61,了,269.21
小王子想道真好玩儿,小王子,270.11,好玩,272.19
这倒蛮有诗意,这,272.57,诗意,273.65
可是并不算是了不起的正经事儿,可是,274.19,事,277.95
关于什么是正经事儿小王子的看法与大人们的看法非常不同,关于,278.85,不同,283.61
他接着又说我有一朵花我每天都给她浇水,他,284.26,浇水,288.38
我还有三座火山我每星期把它们全都打扫一遍连死火山也打扫,我,288.81,打扫,294.36
谁知道它会不会再复活,谁,295.06,复活,297.12
我拥有火山和花这对我的火山有益处对我的花也有益处,我,297.92,益处,302.91
但是你对星星并没有用处,但是,303.52,用处,306.38
实业家张口结舌无言以对,实业家,306.93,无言,309.25
于是小王子就走了,于是,309.96,了,311.48
在旅途中小王子只是自言自语地说了一句这些大人们真是奇怪极了,在,312.24,了,319.11
第五颗行星非常奇怪,第五,320.68,奇怪,322.37
是这些星星中最小的一颗,是,323.14,颗,325.04
行星上刚好能容得下一盏路灯和一个点路灯的人,行星,325.47,人,329.55
小王子怎么也解释不通这个坐落在天空某一角落既没有房屋又没有居民的行星上要一盏路灯和一个点灯的人做什么用,小王子,330.55,用,341.02
但他自己猜想可能这个人思想不正常,但,341.74,正常,346.06
但他比起国王比起那个爱虚荣的人那个实业家和酒鬼却要好些,但,346.89,些,353.24
至少他的工作还有点儿意义,至少,353.82,意义,356.1
当他点着了他的路灯时就像他增添了一颗星星或是一朵花,当,356.73,花,362.11
当他熄灭了路灯时就像让星星或花朵睡着了似的,当,362.79,似的,367.19
这差事真美妙,这,367.69,美妙,369.26
就是真正有用的了,就,369.88,了,371.5
小王子一到了这个行星上就很尊敬地向点路灯的人打招呼,小王子,372.14,招呼,377.47
早上好,早上,378.21,好,378.78
你刚才为什么把路灯灭了呢,你,379.38,呢,381.35
这是命令点灯的人回答道,这,382.37,道,384.99
早上好,早上,385.62,好,386.18
命令是什么,命令,387.1,什么,388.22
就是熄掉我的路灯,就,389.04,路灯,390.74
晚上好,晚上,391.79,好,392.32
于是他又点燃了路灯,于是,393.1,路灯,395.06
那么为什么你又把它点着了呢,那么,395.95,呢,398.54
这是命令,这,399.29,命令,399.95
点灯的人回答道,点灯,400.95,道,402.1
我不明白小王子说,我,402.89,说,404.99
没什么要明白的点灯的回答说,没,405.63,说,408.26
命令就是命令,命令,408.99,命令,410.36
早上好,早上,411.08,好,411.58
于是他又熄灭了路灯,于是,412.59,路灯,414.55
然后他拿一块儿有红方格子的手绢儿擦着额头,然后,415.27,额头,418.8
我干的是一种可怕的职业,我,419.96,职业,421.85
以前还说得过去早上熄灯晚上点灯剩下时间白天我就休息夜晚我就睡觉,以前,422.37,睡觉,429.63
那么后来命令改变了是吗,那么,430.41,吗,433.28
点灯的人说命令没有改,点灯,434.11,改,436.71
惨就惨在这里了,惨,437.26,了,439.03
这颗行星一年比一年转得更快而命令却没有改,这,439.83,改,444.42
结果呢小王子问,结果,445.24,问,447.54
结果现在每分钟转一圈儿我连一秒钟的休息时间都没有了,结果,448.35,了,452.58
每分钟我就要点一次灯熄一次灯,每,453.17,灯,455.95
真有趣你这里每天只有一分钟长,真,456.74,长,460.41
一点趣味也没有点灯的说,一点,461.2,说,463.59
我们俩在一块儿说话就已经有一个月的时间了,我们,464.2,了,467.09
一个月,一,467.78,月,468.37
对三十分钟三十天,对,469.02,天,471.26
晚上好,晚上,472.01,好,472.49
于是他又点着了他的路灯,于是,473.55,路灯,475.85
小王子瞅着他,小王子,476.65,他,477.64
他喜欢这个点灯人如此忠守命令,他,478.23,命令,480.76
这时他想起了他自己从前挪动椅子寻找日落的事儿,这时,481.3,事,485.65
他很想帮助他的这位朋友,他,486.12,朋友,487.88
告诉你我知道一种能使你休息的办法,告诉,488.7,办法,492.07
你要什么时候休息都可以,你,492.66,可以,494.33
我老是想休息点灯人说,我,495.19,说,497.59
因为一个人可以同时是忠实的又是懒惰的,因为,498.07,的,502.11
小王子接着说你的这颗行星这样小你三步就可以绕它一圈儿,小王子,502.84,圈,508.14
你只要慢慢地走就可以一直在太阳的照耀下,你,508.68,下,512.22
你想休息的时候你就这样走那么你要白天有多长它就有多长,你,512.69,长,518.74
这办法帮不了我多大忙点灯人说,这,519.86,说,523.26
生活中我喜欢的就是睡觉,生活,523.87,睡觉,526.19
真不走运小王子说,真,527.18,说,529.45
真不走运点灯人说,真,530.11,说,532.28
早上好,早上,533.08,好,533.6
于是他又熄灭了路灯,于是,534.43,路灯,536.53
小王子在他继续往前旅行的途中自言自语地说道这个人一定会被其他那些人国王呀爱虚荣的呀酒鬼呀实业家呀所瞧不起,小王子,537.21,起,550.84
可是唯有他不使我感到荒唐可笑,可是,551.69,可笑,554.85
这可能是因为他所关心的是别的事儿而不是他自己,这,555.45,自己,559.42
他惋惜地叹了口气并且又对自己说道本来这是我唯一可以和他交成朋友的人,他,560.86,人,568.25
可是他的星球确实太小了住不下两个人,可是,568.86,人,572.43
小王子没有勇气承认的是他留恋这颗令人赞美的星星特别是因为在那里每二十四小时就有一千四百四十次日落,小王子,573.37,日落,583.45
第六颗行星则要大十倍上面住着一位老先生,第六,0.0,先生,3.9
他在写作大部头的书,他,4.48,书,5.95
瞧来了一位探险家老先生看到小王子时叫了起来,瞧,7.01,起来,12.75
小王子在桌旁坐下有些气喘吁吁,小王子,13.25,气喘吁吁,16.01
他跑了多少路啊,他,16.79,啊,17.89
你从哪里来的呀老先生问小王子,你,18.2,小王子,22.62
这一大本是什么书小王子问道,这,23.75,道,26.93
你在这里干什么,你,27.47,什么,28.64
我是地理学家老先生答道,我,29.38,答道,32.54
什么是地理学家,什么,33.16,地理学,34.64
地理学家就是一种学者,地理学,35.48,学者,38.3
他知道哪里有海洋哪里有江河城市山脉沙漠,他,38.86,沙漠,45.63
这倒挺有意思小王子说,这,46.65,说,49.83
这才是一种真正的行当,这,50.42,行当,52.11
他朝四周看了看这位地理学家的星球,他,52.77,星球,55.36
他还从来没有见过一颗如此壮观的行星,他,56.05,行星,58.74
您的星球真美呀,您,59.28,呀,60.94
上面有海洋吗,上面,61.41,吗,63.03
这我没法知道地理学家说,这,63.67,说,67.46
啊小王子大失所望,啊,68.14,大失所望,71.18
那么山脉呢,那么,71.99,呢,73.61
这我没法知道地理学家说,这,74.38,说,77.93
那么有城市河流沙漠吗,那么,78.66,吗,82.18
这我也没法知道地理学家说,这,83.0,说,86.95
可您还是地理学家呢,可,87.82,呢,89.77
一点儿不错地理学家说,一点,90.51,说,93.37
但是我不是探察家,但是,94.1,探察,96.51
我手下一个探察家都没有,我,97.15,没有,99.43
地理学家是不去计算城市河流山脉海洋沙漠的,地理学,100.15,的,106.25
地理学家很重要不能到处跑,地理学,107.11,跑,109.85
他不能离开他的办公室,他,110.47,办公室,112.2
但他可以在办公室里接见探察家,但,112.94,探察,116.12
他询问探察家把他们的回忆记录下来,他,116.91,下来,120.42
如果他认为其中有个探察家的回忆是有意思的那么地理学家就对这个探察家的品德做一番调查,如果,121.04,调查,130.9
这是为什么呢,这,131.75,呢,133.03
因为一个说假话的探察家会给地理书带来灾难性的后果,因为,133.81,后果,139.22
同样一个太爱喝酒的探察家也是如此,同样,139.77,如此,144.33
这又是为什么小王子说,这,145.11,说,148.09
因为喝醉了酒的人把一个看成两个那么地理学家就会把只有一座山的地方写成两座山,因为,148.88,山,159.53
我认识一个人他要是搞探察的话就很可能是个不好的探察员小王子说,我,160.07,说,166.66
这是可能的,这,167.36,的,168.67
因此如果探察家的品德不错就对他的发现进行调查,因此,169.22,调查,175.31
去看一看吗,去,175.97,吗,176.74
不那太复杂了,不,177.53,了,179.46
但是要求探察家提出证据来,但是,180.05,来,182.77
例如假使他发现了一座大山就要求他带一些大石头,例如,183.34,石头,188.71
地理学家忽然忙乱起来,地理学,189.68,起来,191.31
正好你是从老远来的么,正好,191.84,么,194.12
你是个探察家,你,194.58,探察,195.69
你来给我介绍下你的星球吧,你,196.26,吧,198.6
于是已经打开登记簿的地理学家削起他的铅笔来,于是,199.06,来,203.14
他首先是用铅笔记下探察家的叙述等到探察家提出了证据以后再用墨水笔记下来,他,203.97,下来,210.22
怎么样地理学家询问道,怎么样,211.71,道,214.42
啊我那里小王子说道,啊,214.76,说道,217.4
没有多大意思,没有,218.01,意思,219.11
那儿很小,那儿,219.59,小,220.33
我有三座火山,我,220.78,火山,221.92
两座是活的一座是熄灭了的,两,222.33,的,225.22
但是也很难说,但是,225.66,说,226.74
很难说地理学家说道,很,227.0,说道,229.91
我还有一朵花儿,我,230.58,花,231.55
我们是不记载花卉的地理学家说,我们,232.25,说,235.88
这是为什么,这,236.54,为什么,237.41
花是我的星球上最美丽的东西,花,237.94,东西,240.57
因为花卉是短暂的,因为,241.31,的,244.18
什么叫短暂,什么,244.83,短暂,246.54
地理学书籍是所有书中最严肃的书地理学家说道,地理学,247.55,说道,253.36
这类书是从不会过时的,这,254.04,的,256.75
很少会发生一座山变换了位置,很,257.36,位置,260.6
很少会出现一个海洋干涸的现象,很,260.93,现象,264.48
我们要写永恒的东西,我们,265.21,东西,268.23
但是熄灭的火山也可能会再复苏的小王子打断了地理学家,但是,269.04,地理学,275.28
什么叫短暂,什么,276.03,短暂,277.49
火山是熄灭了的也好苏醒的也好这对我们这些人来讲都是一回事地理学家说,火山,278.33,说,286.98
对我们来说重要的是山,对,287.49,山,290.48
山是不会变换位置的,山,291.18,的,294.32
但是短暂是什么意思小王子再三地问道,但是,295.2,问道,300.2
他一旦提出一个问题是从不放过的,他,300.77,的,303.41
意思就是有很快就会消失的危险,意思,304.17,危险,308.87
我的花是很快就会消失的吗,我,309.85,吗,312.66
那当然,那,313.26,当然,314.79
小王子自言自语地说我的花是短暂的而且她只有四根刺来防御外侮可我还把她独自留在家里,小王子,315.79,里,326.67
这是他第一次产生了后悔,这,327.75,后悔,329.81
但他又重新振作起来,但,330.54,起来,332.29
您是否能建议我去看些什么小王子问道,您,332.66,问道,336.69
地球这颗行星地理学家回答他说,地球,337.57,说,341.66
它的名望很高,它,342.25,高,345.01
于是小王子就走了,于是,346.2,了,347.99
他一边走一边想着他的花,他,348.65,花,350.89
第七个行星于是就是地球了,第七,351.83,了,355.13
地球可不是一颗普通的行星,地球,356.02,行星,358.2
它上面有一百一十一个国王当然没有漏掉黑人国王七千个地理学家九十万个实业家七百五十万个酒鬼三亿一千一百万个爱虚荣的人,它,358.79,人,371.22
也就是说大约有二十亿的大人,也,371.85,大人,374.86
为了使你们对地球的大小有一个概念我想要告诉你们在发明电之前在六个大洲上为了点路灯需要维持一支为数四十六万二千五百一十一人的真正大军,为了,375.88,大军,389.58
从稍远的地方看过去它给人以一种壮丽辉煌的印象,从,390.18,印象,394.44
这支军队的行动就像歌剧院的芭蕾舞动作一样那么有条不紊,这,395.09,有条不紊,399.74
首先出现的是新西兰和澳大利亚的点灯人,首先,400.35,点灯,403.24
点着了灯随后他们就去睡觉了,点,403.96,了,406.46
于是就轮到中国和西伯利亚的点灯人走上舞台,于是,407.15,舞台,410.3
随后他们也藏到幕布后面去了,随后,410.61,了,412.96
于是就又轮到俄罗斯和印度的点灯人了,于是,413.7,了,416.75
然后就是非洲和欧洲的,然后,417.48,的,419.36
接着是南美的,接着,419.92,的,421.25
再就是北美的,再,421.66,的,422.73
他们从来也不会搞错他们上场的次序,他们,423.24,次序,425.69
真了不起,真,426.08,了不起,426.82
北极仅有一盏路灯,北极,427.72,路灯,429.36
南极也只有一盏,南极,429.79,盏,431.28
唯独北极的点灯人和他南极的同行过着闲逸懒散的生活,唯独,431.73,生活,436.28
他们每年只工作两次,他们,436.85,次,438.67
当人们想要说得俏皮些的时候说话就可能会不大实在,当,439.59,实在,443.56
在给你们讲点灯人的时候我就不那么忠实,在,444.3,忠实,447.87
很可能给不了解我们这星球的人们造成一个错误的概念,很,448.3,概念,452.22
在地球上人们所占的位置非常小,在,452.86,小,455.55
如果住在地球上的二十亿居民全站着并且像开大会一样靠得紧些那么就可以从容地站在一个二十海里见方的广场上,如果,456.14,上,465.22
也就是说可以把整个人类集中在太平洋中一个最小的岛屿上,也,465.6,上,470.16
当然大人们是不会相信你们的,当然,470.9,的,473.76
他们自以为要占很大地方,他们,474.4,地方,476.05
他们把自己看得像猴面包树那样大得了不起,他们,476.47,了不起,479.47
你们可以建议他们计算一下,你们,479.93,一下,481.54
这样会使他们很高兴,这样,482.04,高兴,483.32
因为他们非常喜欢数字,因为,484.02,数字,485.75
可是你们无需浪费时间去做这种乏味得连篇累牍的演算,可是,486.14,演算,490.67
这没有必要,这,491.07,必要,491.91
你们可以完全相信我,你们,492.43,我,493.93
小王子到了地球上感到非常奇怪,小王子,494.81,奇怪,497.16
他一个人也没有看到,他,497.72,看到,498.94
他正担心自己跑错了星球,他,499.55,星球,501.16
这时在沙地上有一个月光色的圆环在蠕动,这时,501.71,蠕动,505.1
小王子毫无把握地随便说了声晚安,小王子,505.79,晚安,508.96
晚安蛇说道,晚安,509.72,说道,511.81
我落在什么行星上小王子问道,我,512.76,问道,515.96
在地球上在非洲蛇回答道,在,516.44,道,520.22
啊怎么难道说地球上没有人吗,啊,520.87,吗,524.86
这里是沙漠,这里,525.61,沙漠,526.93
沙漠中没有人,沙漠,527.37,人,528.7
地球是很大的蛇说,地球,529.21,说,532.05
小王子坐在一块儿石头上抬眼望着天空说道我琢磨这些星星闪闪发亮是否为了让每个人将来有一天都能重新找到自己的星球,小王子,532.99,星球,544.24
看我那颗行星它恰好在我们头顶上,看,544.79,上,548.08
可是它离我们好远哟,可是,548.84,哟,551.36
它很美蛇说,它,552.07,说,554.1
你到这里来干什么呢,你,554.61,呢,556.7
我和一朵花闹了别扭小王子说,我,557.64,说,561.32
啊蛇说道,啊,561.92,说道,563.96
于是他们都沉默下来,于是,564.97,下来,567.26
人在什么地方小王子终于又开了腔,人,568.27,腔,572.36
在沙漠上真有点孤独,在,572.77,孤独,575.36
到了有人的地方也一样孤独蛇说,到,576.47,说,581.02
小王子长时间地看着蛇,小王子,581.88,蛇,583.68
你是个奇怪的动物小王子终于说道,你,584.64,说道,588.57
细得像个手指头,细,589.36,手指头,591.33
但我比一个国王的手指更有威力蛇说道,但,592.08,说道,597.25
小王子微笑着说你并不那么有威力,小王子,597.97,威力,601.02
你脚都没有,你,601.45,没有,602.51
你甚至都不能旅行,你,602.89,旅行,604.64
我可以把你带到很远的地方去,我,605.5,去,608.29
比一只船能去的地方还要远蛇说道,比,608.73,说道,612.35
蛇就盘结在小王子的脚腕子上像一只金镯子,蛇,612.98,镯子,616.35
被我碰触的人我就把他送回老家去蛇还说,被,617.42,说,622.42
可是你是纯洁的而且是从另一个星球上来的,可是,623.09,的,627.66
小王子什么也没有回答,小王子,628.42,回答,630.21
在这个花岗石的地球上你这么弱小,在,631.0,弱小,634.43
我很可怜你,我,634.73,你,635.99
如果你非常怀念你的星球那时我可以帮助你,如果,636.66,你,641.01
我可以,我,641.33,可以,642.23
啊我很明白你的意思小王子说,啊,642.86,说,646.03
但是你为什么说话总是像让人猜谜语似的,但是,646.78,似的,650.5
这些谜语我都能解开的蛇说,这些,651.24,说,655.25
于是他们又都沉默起来,于是,655.99,起来,658.16
小王子穿过沙漠他只见过一朵花,小王子,659.1,花,661.98
一个有着三枚花瓣的花朵,一,662.51,花朵,664.44
一朵很不起眼的小花,一,665.06,花,666.95
你好小王子说,你,667.84,说,669.51
你好花说,你,670.35,说,671.86
人在什么地方小王子有礼貌地问道,人,672.88,问道,676.74
有一天花曾看见一只骆驼商队走过,有,677.7,过,680.82
人吗我想大约有六七个人,人,681.8,人,685.26
几年前我瞅见过他们,几,685.91,他们,688.07
可是从来不知道到什么地方去找他们,可是,688.65,他们,691.73
风吹着他们到处跑,风,692.38,跑,693.8
他们没有根,他们,694.28,根,695.07
这对他们来说是很不方便的,这,695.65,的,697.88
再见了小王子说,再见,698.84,说,700.82
再见花说,再见,701.32,说,703.06
之后小王子爬上一座高山,之后,703.94,高山,706.32
过去他所见过的山就是那三座只有他膝盖那么高的火山,过去,706.95,火山,710.8
并且他把那座熄灭了的火山就当作凳子,并且,711.52,凳子,714.86
小王子自言自语地说道从这么高的山上我一眼可以看到整个星球以及所有的人,小王子,715.61,人,723.08
可是他所看到的只是一些非常锋利的悬崖峭壁,可是,724.21,峭壁,728.27
你好小王子试探地问道,你,729.07,问道,732.09
你好,你,732.96,好,733.66
你好,你,734.23,好,734.85
你好回音在回答道,你,735.43,道,738.18
你们是什么人小王子问,你们,738.97,问,742.07
你们是什么人,你们,742.92,人,744.5
你们是什么人,你们,745.11,人,746.67
你们是什么人回音又回答道,你们,747.22,道,751.58
请你们做我的朋友吧,请,752.51,吧,754.4
我很孤独他说,我,754.99,说,757.32
我很孤独,我,758.18,孤独,759.21
我很孤独,我,759.7,孤独,760.66
我很孤独回音又回答着,我,761.13,着,764.91
小王子想道这颗行星真奇怪,小王子,765.64,奇怪,768.78
它上面全是干巴巴的而且又尖利又咸涩,它,769.23,苦涩,773.23
人们一点儿想象力都没有,人们,773.66,没有,775.2
他们只是重复别人对他们说的话,他们,775.67,话,777.61
在我的家乡我有一朵花,在,778.2,花,780.63
她总是自己先说话,她,781.27,说话,782.88
在沙漠岩石雪地上行走了很长的时间以后小王子终于发现了一条大路,在,0.0,路,6.84
所有的大路都是通往人住的地方的,所有,7.56,的,10.17
你们好小王子说,你们,11.06,说,13.11
这是一个玫瑰盛开的花园,这,13.92,花园,15.92
你好玫瑰花说道,你,16.23,说道,18.52
小王子瞅着这些花,小王子,19.0,花,20.43
她们全都和他的那朵花一样,她们,20.9,一样,22.59
你们是什么花小王子惊奇地问道,你们,23.27,问道,26.53
我们是玫瑰花花儿们说道,我们,27.25,说道,30.39
他感到自己非常不幸,他,31.4,不幸,33.11
他的那朵花曾对他说她是整个宇宙中独一无二的一种花,他,33.71,花,38.12
可是仅在这一座花园里就有五千朵完全一样的这种花朵,可是,38.56,花朵,43.35
小王子自言自语地说如果她看到这些她是一定会很恼火,小王子,44.19,恼火,50.58
她会咳嗽得更厉害并且为避免让人耻笑她会佯装死去,她,51.17,死去,56.81
那么我还得装着去护理她,那么,57.57,她,60.01
因为如果不这样的话她为了使我难堪她可能会真的死去,因为,60.46,死去,66.05
接着他又说道我还以为我有一朵独一无二的花呢,接着,66.91,呢,72.62
我有的仅是一朵普通的花,我,73.35,花,75.45
这朵花再加上三座只有我膝盖那么高的火山而且其中一座还可能是永远熄灭了的,这,76.35,的,83.49
这一切不会使我成为一个了不起的王子,这,84.47,王子,88.22
于是他躺在草丛中哭泣起来,于是,88.83,起来,91.72
就在这当儿跑来了一只狐狸,就,92.69,狐狸,95.04
你好狐狸说,你,96.23,说,98.31
你好小王子很有礼貌地回答道,你,99.29,道,102.11
他转过身来但什么也没有看到,他,102.77,看到,105.03
我在这儿在苹果树下那声音说,我,106.43,说,110.39
你是谁小王子说,你,111.16,说,113.41
你很漂亮,你,114.23,漂亮,115.02
我是一只狐狸狐狸说,我,116.11,说,119.46
来和我一起玩儿吧小王子建议道,来,120.32,道,122.94
我很苦恼,我,123.71,苦恼,125.7
我不能和你一起玩狐狸说,我,126.54,说,129.07
我还没有被驯服呢,我,130.14,呢,132.16
啊真对不起小王子说,啊,132.97,说,136.35
思索了一会儿他又说道什么叫驯服呀,思索,136.77,呀,141.1
你不是此地人狐狸说,你,141.88,说,144.62
你来寻找什么,你,145.28,什么,146.59
我来找人小王子说,我,147.54,说,149.85
什么叫驯服呢,什么,150.53,呢,152.1
人狐狸说,人,153.0,说,154.86
他们有枪,他们,155.37,枪,156.23
他们还打猎,他们,156.71,打猎,157.56
这真碍事,这,158.02,碍事,158.8
他们也养鸡,他们,159.36,鸡,160.38
这些是他们唯一的可取之处,这些,160.95,处,163.29
你是来寻找鸡的吗,你,163.92,吗,165.11
不小王子说,不,165.88,说,167.45
我是来找朋友的,我,168.17,的,169.32
什么叫驯服呢,什么,169.98,呢,171.34
这是已经早就被人遗忘了的事情狐狸说,这,172.68,说,176.51
它的意思就是建立联系,它,177.28,联系,179.98
建立联系,建立,180.8,联系,181.59
一点不错狐狸说,一点,182.19,说,184.49
对我来说你还只是一个小男孩儿就像其他千万个小男孩儿一样,对,185.23,一样,190.83
我不需要你你也同样用不着我,我,191.39,我,194.23
对你来说我也不过是一只狐狸和其他千万只狐狸一样,对,194.96,一样,200.71
但是如果你驯服了我我们就互相不可缺少了,但是,201.67,了,206.6
对我来说你就是世界上唯一的了,对,207.37,了,209.75
我对你来说也是世界上唯一的了,我,210.35,了,212.95
我有点儿明白了小王子说,我,213.9,说,217.03
有一朵花我想她把我驯服了,有,217.88,了,221.61
这是可能的狐狸说,这,221.98,说,224.49
世界上什么样的事儿都可能看到,世界,225.34,看到,227.77
啊这不是在地球上的事儿小王子说,啊,228.45,说,232.11
狐狸感到十分蹊跷,狐狸,232.97,蹊跷,234.2
在另一个星球上,在,234.89,上,236.37
是的,是,236.89,的,237.31
在那个星球上有猎人吗,在,237.94,吗,240.1
没有,没有,240.8,没有,241.29
这很有意思,这,241.96,意思,242.85
那么有鸡吗,那么,243.25,吗,244.85
没有,没有,245.55,没有,246.11
没有十全十美的狐狸叹息的说道,没有,247.06,说道,250.85
可是狐狸又把话题拉回来,可是,251.38,回来,253.31
我的生活很单调,我,254.05,单调,255.59
我捕捉鸡而人又捕捉我,我,256.22,我,258.84
所有的鸡全都一样,所有,259.34,一样,260.8
所有的人也全都一样,所有,261.04,一样,262.63
因此我感到有些厌烦了,因此,263.05,了,265.39
但是如果你要是驯服了我我的生活就一定会是欢快的,但是,266.25,的,270.87
我会辨认出一种与众不同的脚步声,我,271.48,声,273.68
其他的脚步声会使我躲到地下去而你的脚步声就会像音乐一样让我从洞里走出来,其他,273.95,出来,280.92
再说你看你看到那边的麦田没有,再,281.57,没有,284.37
我不吃面包,我,284.94,面包,285.81
麦子对我来说一点儿用也没有,麦子,286.27,没有,288.19
我对麦田无动于衷,我,289.08,无动于衷,290.57
而这真使人扫兴,而,291.16,扫兴,293.29
但是你有着金黄色的头发,但是,294.09,头发,296.21
那么一旦你驯服了我这就会十分美妙,那么,296.76,美妙,300.37
麦子是金黄色的,麦子,300.97,的,302.75
它就会使我想起你,它,303.19,你,304.6
而且我甚至会喜欢那风吹麦浪的声音,而且,305.19,声音,308.51
狐狸沉默不语久久地看着小王子,狐狸,309.74,小王子,313.06
请你驯服我吧它说,请,313.82,说,316.68
我是很愿意的小王子回答道,我,317.6,道,320.09
可我的时间不多了,可,320.74,了,321.95
我还要去寻找朋友,我,322.5,朋友,323.71
还有许多事物要了解,还,324.26,了解,325.73
只有被驯服了的事物才会被了解狐狸说,只有,326.53,说,330.56
人不会再有时间去了解任何东西的,人,331.55,的,334.29
他们总是到商人那里去购买现成的东西,他们,334.86,东西,337.72
因为世界上还没有购买朋友的商店所以人也就没有朋友,因为,338.2,朋友,343.12
如果你想要一个朋友那就驯服我吧,如果,343.84,吧,347.46
那么应当做些什么呢小王子说,那么,348.26,说,351.73
应当非常耐心狐狸回答道,应当,352.24,道,355.23
开始你就这样坐在草丛中坐得离我稍微远些,开始,355.69,些,359.41
我用眼角瞅着你,我,359.95,你,361.08
你什么也不要说,你,361.42,说,362.31
话语是误会的根源,话语,362.82,根源,364.79
但是每天你坐得靠我更近些,但是,365.4,些,368.42
第二天小王子又来了,第二,369.8,了,372.15
最好还是在原来的那个时间来狐狸说道,最,372.83,说道,376.18
比如说你下午四点钟来那么从三点钟起我就开始感到幸福,比如,376.81,幸福,382.25
时间越接近我就越感到幸福,时间,382.78,幸福,385.59
到了四点钟的时候我就会坐立不安,到,386.07,坐立不安,388.74
我就会发现幸福的代价,我,389.28,代价,391.16
但是如果你随便什么时候来我就不知道在什么时候该准备好我的心情,但是,392.01,心情,397.79
应当有一定的仪式,应当,398.19,仪式,399.72
仪式是什么小王子问道,仪式,400.75,问道,404.16
这也是一种早已被人忘却了的事儿狐狸说,这,404.67,说,408.79
它就是使某一天与其他日子不同使某一时刻与其他时刻不同,它,409.53,不同,415.11
比如说我的那些猎人就有一种仪式,比如,415.64,仪式,418.54
他们每星期四都和村子里的姑娘们跳舞,他们,418.9,跳舞,422.11
于是星期四就是一个美好的日子,于是,422.63,日子,425.12
我可以一直散步到葡萄园去,我,425.75,去,427.58
如果猎人们什么时候都跳舞天天又全都一样那么我也就没有假日了,如果,428.03,了,433.72
就这样小王子驯服了狐狸,就,434.58,狐狸,437.04
当离别的时刻就快要来到时啊狐狸说,当,437.68,说,442.19
我一定会哭的,我,442.93,的,444.21
这是你的过错小王子说,这,445.28,说,447.62
我本来并不想给你任何痛苦可你却要我驯服你,我,448.19,你,452.27
是这样的狐狸说,是,452.89,说,455.05
你可就要哭了小王子说,你,455.87,说,458.92
当然啰狐狸说,当然,459.53,说,461.48
那么你什么好处也没得到,那么,462.32,得到,464.61
由于麦子颜色的缘故我还是得到了好处狐狸说,由于,465.46,说,470.34
然后它又接着说再去看看那些玫瑰花吧,然后,470.94,吧,475.16
你一定会明白你的那朵是世界上独一无二的玫瑰,你,475.62,玫瑰,480.61
你回来和我告别时我再赠送给你一个秘密,你,481.11,秘密,485.07
于是小王子又去看那些玫瑰,于是,486.25,玫瑰,488.48
你们一点儿也不像我的那朵玫瑰,你们,489.63,玫瑰,491.97
你们还什么都不是呢小王子对她们说,你们,492.55,说,495.82
没有人驯服过你们,没有,496.56,你们,497.75
你们也没有驯服过任何人,你们,498.19,人,500.01
你们就像我的狐狸过去那样,你们,500.59,那样,502.23
它那时只是和千万只别的狐狸一样的一只狐狸,它,502.83,狐狸,506.4
但是我现在已经把它当成了我的朋友,但是,507.03,朋友,509.8
于是它现在就是世界上独一无二的了,于是,510.37,了,513.45
这时那些玫瑰花显得十分难堪,这时,514.53,难堪,517.49
你们很美但你们是空虚的小王子继续说,你们,518.38,说,523.48
没有人能为你们去死,没有,524.26,死,526.15
当然我的那朵玫瑰花一个普通的过路人以为她和你们一样,当然,527.0,一样,531.87
可是她单独一朵就比你们全体更重要,可是,532.64,重要,535.91
因为她是我浇灌的,因为,536.59,的,537.91
因为她是我放在花罩中的,因为,538.45,的,540.52
因为她是我用屏风保护起来的,因为,541.15,的,543.4
因为她身上的毛虫除了留下两三只为了变蝴蝶而外是我除灭的,因为,544.01,的,549.86
因为我倾听过她的埋怨和自诩甚至有时我聆听着她的沉默,因为,550.38,沉默,556.33
因为她是我的玫瑰,因为,557.11,玫瑰,559.49
他又回到了狐狸身边,他,559.81,身边,561.47
再见了小王子说道,再见,562.39,说道,564.7
再见狐狸说,再见,565.49,说,567.4
喏这就是我的秘密很简单只有用心才能看得清,呐,568.26,清,574.63
实质性的东西用眼睛是看不见的,实质性,575.48,的,578.79
实质性的东西用眼睛是看不见的小王子重复着这句话以便能把它记在心间,实质性,580.05,间,588.99
正因为你为你的玫瑰花费了时间这才使你的玫瑰变得如此重要,正,590.11,重要,595.73
正因为你为你的玫瑰花费了时间小王子又重复着要使自己记住这些,正,596.85,这些,604.03
人们已经忘记了这个道理狐狸说,人们,605.19,说,608.66
可是你不应该忘记它,可是,609.16,它,611.1
你现在要对你驯服过的一切负责到底,你,611.51,到底,614.83
你要对你的玫瑰负责,你,615.5,负责,617.03
我要对我的玫瑰负责小王子又重复着这样他能够记住,我,618.01,记住,625.12
你好小王子说道,你,626.06,说道,627.98
你好扳道工说道,你,628.72,说道,630.91
你在这里做什么小王子问,你,631.72,问,634.48
我一包包地分选旅客按每千人一包扳道工说,我,635.15,说,640.23
我打发这些运载旅客的列车,我,640.6,列车,642.99
一会儿发往右方一会儿发往左方,一会儿,643.31,左方,646.03
这时一列灯火明亮的快车雷鸣般地响着把扳道房震得颤颤悠悠,这时,646.98,颤悠,653.05
他们真匆忙呀小王子说,他们,653.98,说,656.35
他们要寻找什么,他们,656.9,什么,658.13
开机车的人自己也不知道扳道工说道,开,658.64,说道,662.34
于是第二列灯火通明的快车又朝着相反的方向轰隆轰隆地开过去,于是,663.1,过去,668.35
他们怎么又回来了呢小王子问道,他们,669.13,问道,672.28
他们不是原来那些人了扳道工说,他们,673.05,说,675.81
这是一次对开列车,这,676.48,列车,678.2
他们不满意他们原来所住的地方吗,他们,679.05,吗,681.82
人们是从来也不会满意自己所在的地方的扳道工说,人们,682.28,说,687.05
此时第三趟灯火明亮的快车又隆隆而过,此时,687.51,过,691.21
他们是在追随第一批旅客吗小王子问道,他们,692.08,问道,696.39
他们什么也不追随扳道工说,他们,697.07,说,699.42
他们在里面睡觉或是在打哈欠,他们,700.13,打哈欠,703.23
只有孩子们把鼻子贴在玻璃窗上往外看,只有,703.76,看,707.07
只有孩子知道他们自己在寻找什么小王子说,只有,708.12,说,712.62
他们为一个布娃娃花费不少时间,他们,713.5,时间,716.08
这个布娃娃就成了很重要的东西,这,716.53,东西,718.89
如果有人夺走了他们的布娃娃他们就哭泣,如果,719.31,哭泣,723.1
他们真幸运扳道工说,他们,723.91,说,726.63
你好小王子说,你,0.0,说,1.66
你好商人说道,你,2.32,说道,4.07
这是一位贩卖能够止渴的精致药丸的商人,这,4.93,商人,7.9
每周吞服一丸就不会感觉口渴,每,8.47,口渴,10.79
你为什么卖这玩意儿小王子说,你,11.84,说,14.55
这就大大地节约了时间商人说,这,15.6,说,18.74
专家们计算过这样每周可以节约五十三分钟,专家们,19.3,分钟,23.39
那么用这五十三分钟做什么用,那么,23.96,用,26.78
随便怎么用都行,随便,27.65,行,28.95
小王子自言自语地说我如果有五十三分钟可支配我就悠哉悠哉地向水泉走去,小王子,30.09,去,38.02
这是我在沙漠上出了事故的第八天,这,38.97,天,41.72
我听着有关这个商人的故事喝完了我所备用的最后一滴水,我,42.7,水,46.82
啊我对小王子说你回忆的这些故事真美,啊,48.18,美,52.36
可是我还没有修好我的飞机,可是,53.18,飞机,55.58
我没有喝的了,我,56.19,了,56.98
假如我能悠哉悠哉地走到水泉边去我一定也会很高兴的,假如,57.67,的,62.41
小王子对我说我的朋友狐狸,小王子,63.49,狐狸,66.52
我的小家伙现在还说什么狐狸,我,67.46,狐狸,69.72
为什么,为什么,70.51,为什么,71.11
因为我就要渴死了,因为,72.07,了,74.56
他不理解我的思路,他,75.66,思路,76.75
他回答我道即使快要死了有过一个朋友也好么,他,77.47,么,81.93
我就为我有过一个狐狸朋友而感到高兴,我,82.62,高兴,85.48
他不顾危险我自己思量着,他,86.71,着,89.47
他从来不知道饥渴,他,90.22,饥渴,91.48
只要有点儿阳光他就满足了,只要,92.09,了,93.94
他看着我答复着我的思想我也渴了,他,94.8,了,98.58
我们去找一口井吧,我们,99.3,吧,101.07
我显出厌烦的样子,我,102.26,样子,103.4
在茫茫的大沙漠上盲目地去找水井,在,103.97,水井,106.91
真荒唐,真,107.43,荒唐,108.16
然而我们还是开始去寻找了,然而,109.18,了,111.63
当我们默默地走了好几个小时以后天黑了下来,当,112.89,下来,116.45
星星开始发出光亮,星星,117.24,光亮,119.1
由于渴我有点儿发烧,由于,120.15,发烧,121.99
我看着这些星星像是在做梦一样,我,122.69,一样,124.89
小王子的话在我的脑海中跳来跳去,小王子,125.67,跳来,128.48
你也渴吗我问他,你,129.71,他,131.5
他却不回答我的问题只是对我说水对心也是有益处的,他,132.11,的,137.68
我不懂他的话是什么意思,我,138.76,意思,140.19
可我也不做声,可,140.87,不说话,142.04
我知道不应该去问他,我,142.87,他,144.37
他累了,他,145.19,了,145.75
他坐下来,他,146.55,下来,147.25
我在他身旁坐下,我,147.83,下,148.86
沉默了一会儿他又说道星星是很美的因为有一朵人们看不到的花,沉默,149.57,花,156.33
我回答道当然,我,157.28,当然,158.86
而我默默地看着月光下沙漠的褶皱,而,159.48,褶皱,162.93
沙漠是美的他又说道,沙漠,163.84,说道,167.22
确实如此我一直很喜欢沙漠,确实,168.06,沙漠,170.43
坐在一个沙丘上什么也看不见听不见但是却有一种说不出的东西在默默地放着光芒,坐,170.97,光芒,178.51
使沙漠更加美丽的就是在某个角落里藏着一口井,使,179.89,井,184.6
我很惊讶突然明白了为什么沙漠放着光芒,我,185.73,光芒,189.39
当我还是一个小孩子的时候我住在一座古老的房子里而且传说这个房子里埋藏着一个宝贝,当,190.24,宝贝,197.03
当然从来没有任何人能发现这个宝贝,当然,197.8,宝贝,200.83
可能甚至也没有人去寻找过,可能,201.58,过,204.07
但是这个宝贝使整个房子着了魔似的,但是,204.77,似的,208.55
我家的房子在它的心灵深处隐藏着一个秘密,我,209.55,秘密,212.67
是的我对小王子说道,是,213.49,说道,215.44
无论是房子星星或是沙漠使它们美丽的东西是看不见的,无论,216.03,的,220.7
我真高兴你和我的狐狸的看法一样小王子说,我,221.52,说,225.97
小王子睡觉了,小王子,227.06,了,228.07
我就把他抱在怀里又重新上路了,我,228.86,了,232.12
我很激动就好像抱着一个脆弱的宝贝就好像在地球上没有比这更脆弱的了,我,232.98,了,238.97
我借着月光看着这惨白的面额这双紧闭的眼睛这随风飘动的缕缕头发,我,239.55,头发,245.9
这时我对自己说道我所看到的仅仅是外表最重要的是看不见的,这时,246.74,的,253.84
由于看到他稍稍张开的嘴唇露出一丝微笑我又自言自语地说道在这个熟睡了的小王子身上使我非常感动的是他对他那朵花的忠诚是在他心中闪烁的那朵玫瑰花的形象,由于,255.03,形象,270.86
这朵玫瑰花即使在小王子睡着了的时候也像一盏灯的火焰一样在他身上闪耀着光辉,这,272.08,光辉,278.61
这时我就感觉到他更加脆弱,这时,279.93,脆弱,282.55
应该保护灯焰,应该,283.12,灯芯,283.99
一阵风就可能把它吹灭,一,284.83,灭,286.46
于是就这样走着我在黎明时发现了水井,于是,287.51,水井,292.24
那些人们他们往快车里拥挤但是他们却不知道要寻找什么,那些,293.23,什么,298.99
于是他们就忙忙碌碌来回转圈子,于是,299.73,圈子,302.87
他接着又说这没有必要,他,303.93,必要,306.22
我们终于找到的这口井不同于撒哈拉的那些井,我们,306.83,井,310.21
撒哈拉的井只是沙漠中挖的洞,撒哈拉,310.8,洞,313.04
这口井则很像村子中的井,这,313.65,井,316.21
可是那里又没有任何村庄,可是,317.0,村庄,319.77
我还以为是在做梦呢,我,320.3,呢,321.7
真怪我对小王子说,真,322.91,说,324.92
一切都是现成的辘轳水桶绳子,一切,325.59,绳子,329.28
他笑了拿着绳子转动着辘轳,他,330.26,辘轳,333.02
辘轳就像是一个长期没有风来吹动的旧风标一样吱吱作响,辘轳,333.52,作响,338.43
你听小王子说,你,339.33,说,341.19
我们唤醒了这口井,我们,341.77,井,343.06
它现在唱起歌来了,它,343.47,了,345.02
我不愿让他费劲,我,345.81,费劲,346.88
让我来干吧我对他说,让,347.67,说,349.58
这活儿对你太重了,这,350.08,了,351.47
我慢慢地把水桶提到井栏上,我,352.04,上,353.98
我把它稳稳地放在那里,我,354.77,那里,356.1
我的耳朵里还响着辘轳的歌声,我,356.8,歌声,358.8
依然还在晃荡的水面上我看见太阳的影子在跳动,依然,359.63,跳动,363.68
我正需要喝这种水小王子说,我,364.5,说,367.1
给我喝点儿,给,367.47,点,368.34
这时我才明白了他所寻找的是什么,这时,369.34,什么,372.37
我把水桶提到他的嘴边,我,373.16,嘴边,374.73
他闭着眼睛喝水就像节日一般舒适愉快,他,375.27,愉快,378.71
这水远不只是一种饮料,这,379.78,饮料,381.86
它是披星戴月走了许多路才找到的,它,382.55,的,384.73
是在辘轳的歌声中经过我双臂的努力得来的,是,385.5,的,388.72
它像是一件礼品慰藉着心田,它,389.55,心田,391.63
在我小的时候圣诞树的灯光午夜的弥撒的音乐甜蜜的微笑这一切都使圣诞节时我收到的礼品辉映着幸福的光彩,在,392.36,光彩,402.71
你这里的人在同一个花园中种植着五千朵玫瑰小王子说,你,403.09,说,408.38
可是他们却不能从中找到自己所要寻找的东西,可是,408.85,东西,412.96
他们是找不到的我回答道,他们,413.98,道,415.92
然而他们所寻找的东西却是可以从一朵玫瑰花或一点儿水中找到的,然而,416.58,的,423.48
一点儿不错我回答道,一点,424.22,道,426.31
小王子又加了一句眼睛是什么也看不见的应该用心去寻找,小王子,427.02,寻找,433.59
我喝了水,我,434.82,水,435.5
我痛快地呼吸着空气,我,435.92,空气,437.4
沙漠在晨曦中泛出蜂蜜的光泽,沙漠,438.06,光泽,440.39
这蜂蜜般的光泽也使我感到幸福,这,440.95,幸福,443.33
为什么我要难过,为什么,444.41,难过,446.15
小王子又重新在我的身边坐下,小王子,447.23,坐下,449.43
他温柔地对我说你应该实践你的诺言,他,450.0,诺言,453.77
什么诺言,什么,454.88,诺言,455.45
你知道给我的小羊一个嘴套子,你,456.1,口套,458.64
我要对我的花负责的呀,我,459.29,呀,460.67
我从口袋中拿出我的画稿,我,461.9,画稿,463.7
小王子瞅见了笑着说你画的猴面包树有点儿像白菜,小王子,464.45,白菜,469.15
啊我还为我画的猴面包树感到骄傲呢,啊,469.66,呢,473.03
你画的狐狸它那双耳朵有点像犄角而且又太长了,你,473.63,了,479.71
这时他又笑了,这时,480.71,了,482.52
小家伙你太不公正了我说,小家伙,483.27,说,486.23
我过去只会画开着肚皮和闭着肚皮的巨蟒,我,486.88,巨蟒,490.65
啊这就行了他说,啊,491.41,说,493.95
孩子们认得出来,孩子们,494.5,出来,495.96
我就用铅笔勾画了一个嘴套,我,497.03,口套,499.11
当我把它递给小王子时我心里很难受,当,499.91,难受,502.76
你的打算我一点也不知道我说,你,503.87,说,507.39
但是他不回答我,但是,508.15,我,509.62
他对我说你知道我落在地球上到明天就一周年了,他,510.15,了,515.83
接着沉默了一会儿他又说道我就落在这附近,接着,516.97,附近,522.02
此时他的面颊绯红,此时,522.95,绯红,524.84
我不知为什么又感到一阵莫名其妙的心酸,我,525.64,心酸,529.04
这时我产生了一个问题一星期以前我认识你的那天早上你单独一个人在这旷无人烟的地方走着,这时,530.23,着,538.71
这么说这并不是偶然的了,这么,539.93,了,542.03
你是要回到你降落的地方去是吗,你,542.95,吗,544.93
小王子的脸又红了,小王子,545.37,了,547.05
我犹豫不定地又说了一句可能是因为周年纪念吧,我,548.07,吧,551.95
小王子脸又红了,小王子,552.8,了,554.93
他从来也不回答这些问题但是脸红就等于说是的是吧,他,555.38,吧,561.5
啊我对他说,啊,562.66,说,564.6
我有点怕,我,565.68,怕,566.35
但他却回答我说你现在该工作了,但,567.29,了,570.7
你应该回到你的机器那里去,你,571.27,去,572.94
我在这里等你,我,573.46,你,574.25
你明天晚上再来,你,574.91,来,575.82
但是我放心不下,但是,577.01,下,578.92
我想起了狐狸的话,我,579.97,话,581.05
如果被人驯服了就可能会要哭的,如果,582.07,的,585.19
在井旁边有一堵残缺的石墙,在,0.82,石墙,3.16
第二天晚上我工作回来的时候我远远地看见了小王子耷拉着双腿坐在墙上,第二,4.0,上,9.7
我听见他在说话,我,10.23,说话,11.42
你怎么不记得了呢,你,12.34,呢,13.5
绝不是在这儿,绝,14.29,这儿,15.11
大概还有另一个声音在回答他因为他答着腔说道没错没错,大概,16.14,没错,21.54
日子是对的但地点不是这里,日子,22.09,这里,25.41
我继续朝墙走去,我,26.59,去,27.72
我还是看不到也听不见任何别人,我,28.25,别人,31.17
可是小王子又回答道那当然你会在沙上看到我的脚印是从什么地方开始的,可是,32.1,的,38.33
你在那里等着我就行了,你,38.84,了,40.08
今天夜里我去那里,今天,40.68,那里,42.28
我离墙约有二十米远可我依然什么也没有看见,我,42.9,看见,46.57
小王子沉默了一会儿又说你的毒液管用吗,小王子,47.26,吗,50.83
你保证不会使我长时间地痛苦吗,你,51.39,吗,53.98
我焦虑地赶上前去但我仍然不明白是怎么回事,我,54.39,事,58.59
现在你去吧小王子说,现在,59.45,说,62.33
我要下来了,我,63.13,了,63.66
于是我也朝墙角下看去,于是,64.66,去,67.02
我吓了一跳,我,67.66,跳,68.31
就在那里一条黄蛇直起身子冲着小王子,就,69.06,小王子,72.42
这种黄蛇半分钟就能结果你的性命,这,73.14,性命,75.84
我一面赶紧掏口袋拔出手枪一面跑过去,我,76.47,过去,79.71
可是一听到我的脚步声蛇却像一股干涸了的水柱一样慢慢钻进沙里去,可是,80.54,去,85.99
它不慌不忙地在石头的缝隙中钻动着发出轻轻的金属般的响声,它,86.76,响声,91.55
我到达墙边的时候正好把我的这位小王子接在我的怀抱中,我,92.57,中,96.66
他的脸色雪一样惨白,他,97.33,惨白,99.31
这是搞的什么名堂我埋怨道,这,99.93,道,102.5
你怎么竟然和蛇也谈起心来了,你,103.1,了,104.92
我解开了他一直戴着的金黄色的围脖,我,106.15,围巾,108.72
我用水浸湿了他的太阳穴,我,109.38,太阳穴,111.27
让他喝了点儿水,让,111.74,水,112.57
这时我什么也不敢再问他,这时,113.47,他,115.81
他严肃地看着我,他,116.49,我,117.41
用双臂搂着我的脖子,用,118.07,脖子,119.64
我感到他的心就像一只被枪弹击中而濒于死亡的鸟的心脏一样在跳动着,我,120.31,着,125.91
他对我说我很高兴你找到了你的机器所缺少的东西,他,126.93,东西,132.11
你不久就可以回家去了,你,132.91,了,134.91
你怎么知道的,你,135.7,的,136.42
我正是来告诉他在没有任何希望的情况下我成功地完成了修理工作,我,137.6,工作,142.9
他不回答我的问题却接着说道我也一样今天要回家去了,他,143.67,了,150.91
然后他忧伤地说我回家要远得多要难得多,然后,151.92,多,158.24
我清楚地感到发生了某种不寻常的事儿,我,159.51,事,162.48
我把他当作小孩儿一样紧紧抱在怀里可是我感觉到他径直地向着一个无底深渊沉陷下去,我,163.4,下去,170.28
我想法拉住他却怎么也办不到,我,170.73,到,173.36
他的眼神很严肃望着遥远的地方,他,174.38,地方,177.91
我有你画的羊羊的箱子和羊的嘴套子,我,179.05,口套,184.11
他带着忧伤的神情微笑了,他,185.28,了,187.77
我等了很长时间才觉得他身子渐渐暖和起来,我,189.28,起来,192.54
小家伙我对他说,小家伙,193.34,说,195.34
你受惊了,你,195.98,了,196.7
他害怕了,他,197.71,了,198.41
这是无疑的,这,198.94,的,199.65
他却温柔地笑着说今天晚上我会怕得更厉害,他,200.5,厉害,205.47
我再度意识到要发生一件不可弥补的事,我,206.63,事,209.22
我觉得我的心一下子就凉了,我,210.14,了,212.64
这时我才明白一想到再也不能听到这笑声我就不能忍受,这时,213.78,忍受,219.32
这笑声对我来说就好像是沙漠中的甘泉一样,这,220.19,一样,224.87
小家伙我说,小家伙,226.16,说,227.85
我还想听你笑,我,228.92,笑,229.96
但他对我说到今天夜里正好是一年了,但,231.05,了,235.63
我的星球将正好处于我去年降落的那个地方的上空,我,236.44,上空,240.6
小家伙这蛇的事儿约会的事儿还有星星这全是一场恶梦吧,小家伙,242.14,吧,249.03
但他并不回答我的问题,但,250.38,问题,251.72
他对我说重要的事儿是看不见的,他,252.63,的,256.76
当然,当然,257.92,当然,258.31
这就像花儿一样,这,259.44,一样,260.42
如果你爱上了一朵生长在一颗星星上的花那么夜间你看着天空就感到甜蜜愉快,如果,261.13,愉快,269.25
所有的星星上都好像开着花,所有,270.01,花,272.67
当然,当然,273.33,当然,273.67
这也就像水一样,这,274.67,一样,275.97
由于那辘轳和绳子的缘故你给我喝的井水好像音乐一样,由于,276.6,一样,281.73
你记得吗,你,282.3,吗,282.82
这水非常好喝,这,283.4,喝,284.92
当然,当然,285.54,当然,285.93
夜晚你抬头望着星星,夜晚,286.89,星星,289.07
我的那颗太小了我无法给你指出我的那颗星星是在哪里,我,289.83,哪里,294.88
这样倒更好你可以认为我的那颗星星就在这些星星之中,这样,295.82,中,301.14
那么所有的星星你都会喜欢看的,那么,301.6,的,304.73
这些星星都将成为你的朋友,这些,305.42,朋友,307.85
而且我还要给你一件礼物,而且,308.69,礼物,311.3
他又笑了,他,312.31,了,313.05
啊小家伙小家伙我喜欢听你这笑声,啊,313.45,笑声,317.3
这正好是我给你的礼物,这,317.99,礼物,320.14
这正好是,这,321.12,是,322.03
这就好像水那样,这,323.06,那样,324.37
你说的是什么,你,325.22,什么,326.04
人们都有星星但是它们在不同人眼里并不都一样他回答,人们,326.97,回答,332.94
对旅行的人来说星星是向导,对,333.97,向导,336.42
对别的人来说星星只是些小亮光,对,337.21,亮光,339.98
对另外一些学者来说星星就是他们探讨的学问,对,340.74,学问,344.72
对我所遇见的那个实业家来说星星是金钱,对,345.5,金钱,349.41
但是所有这些星星都不会说话,但是,349.9,说话,353.03
你呢你的那些星星将是任何人都不曾有过的,你,353.81,的,358.25
你说的是什么,你,359.29,什么,360.07
夜晚当你望着天空的时候既然我就住在其中一颗星星上既然我在其中一颗星星上笑着那么对你来说就好像所有的星星都在笑,夜晚,361.21,笑,373.95
那么你将看到的星星就是会笑的星星,那么,374.86,星星,378.52
这时他又笑了,这时,379.85,了,382.01
那么在你得到了安慰之后人们总是会自我安慰的你就会因为认识了我而感到高兴,那么,383.13,高兴,391.57
你将永远是我的朋友,你,392.38,朋友,393.81
你就会想要同我一起笑,你,394.77,笑,396.83
有时你会为了快乐而不知不觉地打开窗户,有时,397.64,窗户,401.19
你的朋友们会奇怪地看着你笑着仰望天空,你,401.87,天空,405.18
那时你就可以对他们说是的星星总是引我欢笑,那时,406.2,欢笑,411.44
他们会以为你发疯了,他们,412.28,了,413.57
我的恶作剧将使你难堪,我,414.48,难堪,416.78
这时他又笑了,这时,417.98,了,420.13
这就好像我并没有给你星星而是给你一大堆会笑出声来的小铃铛,这,420.58,铃铛,426.01
他仍然笑着,他,427.03,着,427.93
随后他变得严肃起来,随后,428.66,起来,430.65
今天夜里你知道不要来了,今天,431.89,了,436.02
我不离开你我说,我,437.07,说,438.98
我将会像是很痛苦的样子,我,440.15,样子,441.97
我有点儿像要死去似的,我,442.57,似的,444.25
就是这么回事儿,就,444.95,事,445.79
你就别来看这些了,你,446.43,了,447.69
没有必要,没有,448.36,必要,449.02
我不离开你,我,450.16,你,450.94
可是他担心起来,可是,452.16,起来,454.13
我对你说这些这也是因为蛇的缘故,我,455.22,缘故,458.08
别让它咬了你,别,458.78,你,459.86
蛇是很坏的,蛇,460.82,的,461.82
它随意咬人,它,462.32,人,463.35
我不离开你,我,464.4,你,465.48
这时他似乎有点儿放心了,这时,466.82,了,469.11
对了它咬第二口的时候就没有毒液了,对,469.67,了,473.17
这天夜里我没有看到他启程,这,474.61,启程,477.04
他不声不响地跑了,他,478.17,了,479.27
当我终于赶上他的时候他坚定地快步走着,当,480.3,着,483.1
他只是对我说道啊你在这儿,他,483.88,这儿,486.91
于是他拉着我的手,于是,488.08,手,489.11
但是他仍然很担心,但是,489.95,担心,491.12
你不该这样,你,492.39,这样,493.34
你会难受的,你,494.19,的,495.01
我会像是死去的样子,我,495.68,样子,497.21
但这不会是真的,但,497.87,的,499.65
我默默无言,我,500.9,默默,501.71
你明白路很远,你,502.8,远,504.49
我不能带着这付身躯走,我,505.06,走,506.53
它太重了,它,507.0,了,507.88
我依然沉默不语,我,509.22,沉默,510.42
但是这就好像剥落的旧树皮一样,但是,511.48,一样,513.88
旧树皮并没有什么可悲的,旧,514.31,的,516.51
我还是沉默不语,我,517.61,沉默,518.62
他有些泄气了但是他又振作起来,他,519.47,起来,522.27
这将是蛮好的,这,523.39,的,524.66
你知道我也一定会看星星的,你,525.21,的,527.43
所有的星星都将是带有生了锈的辘轳的井,所有,527.85,井,531.12
所有的星星都会倒水给我喝,所有,531.63,喝,533.95
我还是沉默不语,我,535.12,沉默,536.19
这将是多么好玩儿啊,这,537.24,啊,538.39
你将有五亿个铃铛,你,538.83,铃铛,540.1
我将有五亿口水井,我,540.5,水井,541.94
这时他也沉默了因为他在哭,这时,543.92,哭,548.64
就是这儿,就,550.02,这儿,550.57
让我自个儿走一步吧,让,551.28,吧,552.56
他这时坐下来因为他害怕了,他,553.66,了,556.22
他却仍然说道你知道我的花我是要对她负责的,他,557.01,的,561.94
而她又是那么弱小,而,562.62,弱小,564.37
她又是那么天真,她,565.3,天真,566.36
她只有四根微不足道的刺保护自己抵抗外敌,她,567.13,外敌,571.42
我也坐了下来因为我再也站立不住了,我,572.67,了,576.71
他说道就是这些全都说啦,他,577.83,啦,582.14
他犹豫了一下然后站起来,他,583.02,起来,585.37
他迈出了一步而我却动弹不得,他,586.13,动弹不得,589.22
在他的脚踝子骨附近一道黄光闪了一下,在,590.04,下,593.38
刹那间他一动也不动了,刹那,594.19,了,596.09
他没有叫喊,他,597.07,叫喊,597.9
他轻轻地像一棵树一样倒在地上,他,598.87,地上,601.81
大概由于沙地的缘故连一点响声都没有,大概,602.81,没有,606.13
到现在一点不错已经有六年了,到,608.81,了,612.27
我还从未讲过这个故事,我,613.6,故事,615.0
同伴们重新见到了我都为能看见我活着回来而高兴我却很悲伤,同伴们,615.77,悲伤,621.55
我告诉他们这是因为疲劳的缘故,我,622.51,缘故,625.47
现在我稍微得到了些安慰就是说还没有完全平静下来,现在,626.42,下来,632.01
可我知道他已经回到了他的星球上因为那天黎明我没有再见到他的身躯,可,633.0,身躯,639.82
他的身躯并不那么重,他,640.71,重,642.22
从此我就喜欢在夜间倾听着星星好像倾听着五亿个铃铛,从此,643.46,铃铛,648.87
可是现在却又发生了不寻常的事,可是,650.03,事,652.48
我给小王子画的羊嘴套上忘了画皮带,我,653.04,皮带,655.85
他再也不可能把它套在羊嘴上,他,656.61,上,658.95
于是我思忖着他的星球上发生了什么事儿呢,于是,659.98,呢,664.86
大概小羊把花儿吃掉了吧,大概,666.03,吧,668.5
有时我又对自己说绝对不会的小王子每天夜里都用玻璃罩子罩住他的花而且他会把羊看管好的,有时,670.05,的,678.44
我就非常高兴,我,679.24,高兴,680.16
这时所有的星星都在柔情地轻声笑着,这时,680.89,着,684.66
忽而我又对自己说人们有时总免不了会疏忽的,忽而,685.98,的,690.57
那就够呛,那,691.55,呛,692.18
某一天晚上他忘了玻璃罩子或者小羊夜里不声不响地跑出来,某,692.89,出来,698.11
想到这里小铃铛都变成泪珠了,想,698.55,了,702.06
这真是一个很大的奥秘,这,702.74,奥秘,704.08
对你们这些喜欢小王子的人来说就像对于我来说一样,对,705.08,一样,709.74
无论什么地方凡是某处如果一只羊尽管我们并不认识它吃了一朵玫瑰花或是没有吃掉一朵玫瑰花那么宇宙的面貌就全然不同,无论,710.64,不同,723.44
望着天空你们想一想是还是不是,望,724.45,是,728.82
羊究竟是吃了还是没有吃掉花,羊,729.74,花,732.64
那么你们就会看到一切都变了样,那么,733.7,样,735.89
任何一个大人将永远不会明白这个问题竟如此重要,任何,736.79,重要,740.65
对我来说这是世界上最美也是最凄凉的地方,对,742.14,地方,747.07
它与前一页画的是同一个地方,它,747.92,地方,750.01
我再一次将它画出来为的是让你们看清楚,我,750.96,清楚,754.92
就是在这里小王子出现在地球上后来也正是在这里消失了的,就是,755.55,的,762.5
请你们仔细看看这个地方以便你们有一天去非洲沙漠上旅行的时候能够准确地辨认出这个地方,请,763.78,地方,771.17
如果你们有机会经过这个地方请不要匆匆而过,如果,772.06,过,776.65
请你们就在那颗星星底下等一等,请,777.01,等,780.12
如果这时有个小孩子向你走来如果他笑着他有金黄色的头发如果当你问他问题时他不回答你们一定会猜得出他是谁,如果,781.35,谁,793.94
那就请你们帮个忙,那,794.82,忙,795.91
不要让我这么忧伤,不,796.67,忧伤,797.82
赶快写信告诉我他又回来了,赶快,798.63,了,801.06
